,7 days Ahead Forecasted Values,MA Cases,14 days Ahead Forecasted Values,Abs 14 day Difference,14 day Difference,Date,Abs 7 day Difference,7 day Difference
0,142.26185705406326,0.2857142857142857,291.158782816359,290.87306853064473,-290.87306853064473,2020-03-03,141.97614276834898,-141.97614276834898
1,142.26185705406326,1.0,291.158782816359,290.158782816359,-290.158782816359,2020-03-04,141.26185705406326,-141.26185705406326
2,142.26185705406326,1.4285714285714286,291.158782816359,289.73021138778756,-289.73021138778756,2020-03-05,140.83328562549184,-140.83328562549184
3,142.26185705406326,2.5714285714285716,291.158782816359,288.58735424493045,-288.58735424493045,2020-03-06,139.69042848263467,-139.69042848263467
4,142.26185705406326,3.4285714285714284,291.158782816359,287.73021138778756,-287.73021138778756,2020-03-07,138.83328562549184,-138.83328562549184
5,142.26185705406326,6.428571428571429,291.158782816359,284.73021138778756,-284.73021138778756,2020-03-08,135.83328562549184,-135.83328562549184
6,142.26185705406326,14.571428571428571,291.158782816359,276.58735424493045,-276.58735424493045,2020-03-09,127.69042848263469,-127.69042848263469
7,142.26185705406326,24.285714285714285,291.158782816359,266.87306853064473,-266.87306853064473,2020-03-10,117.97614276834898,-117.97614276834898
8,142.26185705406326,45.714285714285715,291.158782816359,245.44449710207329,-245.44449710207329,2020-03-11,96.54757133977753,-96.54757133977753
9,142.26185705406326,96.0,291.158782816359,195.158782816359,-195.158782816359,2020-03-12,46.261857054063256,-46.261857054063256
10,142.26185705406326,183.28571428571428,291.158782816359,107.87306853064473,-107.87306853064473,2020-03-13,41.02385723165102,41.02385723165102
11,142.26185705406326,274.0,291.158782816359,17.158782816359007,-17.158782816359007,2020-03-14,131.73814294593674,131.73814294593674
12,142.27786155683654,418.85714285714283,291.158782816359,127.69836004078383,127.69836004078383,2020-03-15,276.5792813003063,276.5792813003063
13,142.29439822903703,713.7142857142857,291.158782816359,422.55550289792666,422.55550289792666,2020-03-16,571.4198874852486,571.4198874852486
14,142.31045200675726,1054.142857142857,291.158782816359,762.9840743264981,762.9840743264981,2020-03-17,911.8324051360999,911.8324051360999
15,142.34398853565966,1456.4285714285713,291.158782816359,1165.2697886122123,1165.2697886122123,2020-03-18,1314.0845828929116,1314.0845828929116
16,142.45631570475442,1935.2857142857142,291.158782816359,1644.1269314693552,1644.1269314693552,2020-03-19,1792.8293985809598,1792.8293985809598
17,142.61629174756152,2419.285714285714,291.158782816359,2128.1269314693554,2128.1269314693554,2020-03-20,2276.6694225381525,2276.6694225381525
18,142.9054765562926,2704.285714285714,291.158782816359,2413.1269314693554,2413.1269314693554,2020-03-21,2561.3802377294214,2561.3802377294214
19,143.2906588166952,2924.8571428571427,291.158782816359,2633.698360040784,2633.698360040784,2020-03-22,2781.5664840404474,2781.5664840404474
20,144.00954087291444,3131.8571428571427,291.1833217399461,2840.6738211171964,2840.6738211171964,2020-03-23,2987.8476019842283,2987.8476019842283
21,145.63977292818683,3424.4285714285716,291.20703284442425,3133.2215385841473,3133.2215385841473,2020-03-24,3278.788798500385,3278.788798500385
22,148.38825062981675,3696.285714285714,291.2309016287327,3405.0548126569815,3405.0548126569815,2020-03-25,3547.8974636558974,3547.8974636558974
23,153.64607471546958,3887.5714285714284,291.2772594988346,3596.294169072594,3596.294169072594,2020-03-26,3733.9253538559587,3733.9253538559587
24,165.07722183636258,4046.1428571428573,291.4430007104363,3754.6998564324213,3754.6998564324213,2020-03-27,3881.0656353064946,3881.0656353064946
25,188.08050155639648,4166.571428571428,291.6759923696518,3874.8954362017766,3874.8954362017766,2020-03-28,3978.490927015032,3978.490927015032
26,224.1119984132903,4307.0,292.09959923369547,4014.9004007663043,4014.9004007663043,2020-03-29,4082.88800158671,4082.88800158671
27,287.5537094367402,4672.714285714285,292.636617315667,4380.077668398619,4380.077668398619,2020-03-30,4385.160576277545,4385.160576277545
28,417.8856090818133,4809.571428571428,293.6740914689643,4515.897337102464,4515.897337102464,2020-03-31,4391.685819489615,4391.685819489615
29,621.3354002152171,4891.571428571428,296.109949197088,4595.46147937434,4595.46147937434,2020-04-01,4270.236028356211,4270.236028356211
30,899.9578678352492,4991.714285714285,300.24419608712196,4691.470089627163,4691.470089627163,2020-04-02,4091.7564178790362,4091.7564178790362
31,1262.8445944360324,5070.571428571428,308.0217537156173,4762.549674855811,4762.549674855811,2020-04-03,3807.726834135396,3807.726834135396
32,1686.5709009511131,5125.428571428572,325.19277187330385,4800.2357995552675,4800.2357995552675,2020-04-04,3438.8576704774587,3438.8576704774587
33,2111.5257698638097,5156.714285714285,358.629568283047,4798.0847174312385,4798.0847174312385,2020-04-05,3045.1885158504756,3045.1885158504756
34,2474.885535955429,5188.714285714285,407.82985384549414,4780.884431868792,4780.884431868792,2020-04-06,2713.8287497588562,2713.8287497588562
35,2728.9197262014663,5272.142857142857,482.27424661602294,4789.868610526834,4789.868610526834,2020-04-07,2543.2231309413905,2543.2231309413905
36,2921.349352836609,5290.857142857143,610.3680978800569,4680.489044977086,4680.489044977086,2020-04-08,2369.5077900205342,2369.5077900205342
37,3098.8413384301325,5194.285714285715,801.3414330227034,4392.944281263011,4392.944281263011,2020-04-09,2095.444375855582,2095.444375855582
38,3255.8642745358607,5028.714285714285,1069.5946384838649,3959.1196472304205,3959.1196472304205,2020-04-10,1772.8500111784247,1772.8500111784247
39,3384.310579640525,5009.857142857143,1428.5278587000712,3581.329284157072,3581.329284157072,2020-04-11,1625.5465632166183,1625.5465632166183
40,3484.0411801338196,4882.142857142857,1844.38523212501,3037.757625017847,3037.757625017847,2020-04-12,1398.1016770090373,1398.1016770090373
41,3571.457931961332,4447.571428571428,2246.495920266424,2201.0755083050044,2201.0755083050044,2020-04-13,876.1134966100963,876.1134966100963
42,3703.8314109189173,4176.142857142857,2588.019710421562,1588.1231467212947,1588.1231467212947,2020-04-14,472.3114462239396,472.3114462239396
43,3829.948469570705,3932.8571428571427,2831.9398433140345,1100.9172995431081,1100.9172995431081,2020-04-15,102.90867328643753,102.90867328643753
44,3928.5749958923884,3712.714285714286,3003.5853761604853,709.1289095538004,709.1289095538004,2020-04-16,215.86071017810264,-215.86071017810264
45,3995.016230617251,3580.4285714285716,3100.1570189339777,480.27155249459383,480.27155249459383,2020-04-17,414.5876591886795,-414.5876591886795
46,4045.7932356425695,3357.5714285714284,3169.7165299824305,187.8548985889979,187.8548985889979,2020-04-18,688.221807071141,-688.221807071141
47,4080.2106429168157,3280.285714285714,3208.8946066924505,71.39110759326377,71.39110759326377,2020-04-19,799.9249286311015,-799.9249286311015
48,4103.550726754325,3348.8571428571427,3219.3181895528523,129.53895330429032,129.53895330429032,2020-04-20,754.6935838971826,-754.6935838971826
49,4122.054139477867,3194.714285714286,3204.0503669466293,9.336081232343531,-9.336081232343531,2020-04-21,927.3398537635808,-927.3398537635808
50,4148.173803363527,3133.4285714285716,3225.550642524447,92.12207109587553,-92.12207109587553,2020-04-22,1014.7452319349559,-1014.7452319349559
51,4169.75575709343,3035.0,3240.8045893056055,205.80458930560553,-205.80458930560553,2020-04-23,1134.7557570934296,-1134.7557570934296
52,4160.998534679413,2885.1428571428573,3238.0265860557556,352.8837289128983,-352.8837289128983,2020-04-24,1275.8556775365555,-1275.8556775365555
53,4106.469065053123,2802.714285714286,3212.0712245532445,409.35693883895874,-409.35693883895874,2020-04-25,1303.7547793388371,-1303.7547793388371
54,4054.9522262641362,2610.8571428571427,3157.706372669765,546.8492298126225,-546.8492298126225,2020-04-26,1444.0950834069936,-1444.0950834069936
55,3993.927609069007,2396.0,3080.996081318174,684.9960813181742,-684.9960813181742,2020-04-27,1597.9276090690068,-1597.9276090690068
56,3863.201884337834,2348.1428571428573,2992.8300349371775,644.6871777943202,-644.6871777943202,2020-04-28,1515.0590271949768,-1515.0590271949768
57,3701.99412553651,2190.0,2950.6497342586517,760.6497342586517,-760.6497342586517,2020-04-29,1511.9941255365102,-1511.9941255365102
58,3535.9273050853185,2073.0,2928.5556364400045,855.5556364400045,-855.5556364400045,2020-04-30,1462.9273050853185,-1462.9273050853185
59,3385.6076539243973,1980.4285714285713,2905.8878993988037,925.4593279702324,-925.4593279702324,2020-05-01,1405.179082495826,-1405.179082495826
60,3269.8107401643483,1903.7142857142858,2866.3011165687017,962.5868308544159,-962.5868308544159,2020-05-02,1366.0964544500625,-1366.0964544500625
61,3168.3024572644917,1872.857142857143,2798.120357956205,925.2632150990623,-925.2632150990623,2020-05-03,1295.4453144073489,-1295.4453144073489
62,3094.5751529421127,1767.4285714285713,2738.23545057433,970.8068791457588,-970.8068791457588,2020-05-04,1327.1465815135414,-1327.1465815135414
63,3068.913706643241,1593.5714285714287,2680.564683369228,1086.9932547977994,-1086.9932547977994,2020-05-05,1475.3422780718122,-1475.3422780718122
64,3030.2446204253606,1459.0,2583.2289241382055,1124.2289241382055,-1124.2289241382055,2020-05-06,1571.2446204253606,-1571.2446204253606
65,2999.4869620118825,1347.142857142857,2496.120594058718,1148.9777369158608,-1148.9777369158608,2020-05-07,1652.3441048690254,-1652.3441048690254
66,2958.221204348973,1232.142857142857,2428.338450057166,1196.195592914309,-1196.195592914309,2020-05-08,1726.078347206116,-1726.078347206116
67,2882.021795647485,1174.857142857143,2384.841207436153,1209.9840645790102,-1209.9840645790102,2020-05-09,1707.164652790342,-1707.164652790342
68,2815.92430295263,1127.7142857142858,2375.1941977398737,1247.479912025588,-1247.479912025588,2020-05-10,1688.2100172383443,-1688.2100172383443
69,2726.224031823022,1082.142857142857,2408.5985121045796,1326.4556549617225,-1326.4556549617225,2020-05-11,1644.0811746801648,-1644.0811746801648
70,2611.6699504852295,1049.857142857143,2479.7089619636536,1429.8518191065107,-1429.8518191065107,2020-05-12,1561.8128076280866,-1561.8128076280866
71,2520.4930077450617,1040.7142857142858,2557.8276495592936,1517.1133638450078,-1517.1133638450078,2020-05-13,1479.778722030776,-1479.778722030776
72,2423.3440991129196,1022.4285714285714,2604.8353182418005,1582.406746813229,-1582.406746813229,2020-05-14,1400.915527684348,-1400.915527684348
73,2336.028577736446,992.5714285714286,2636.400455066136,1643.8290264947077,-1643.8290264947077,2020-05-15,1343.4571491650177,-1343.4571491650177
74,2257.6079332658223,968.0,2640.593161753246,1672.593161753246,-1672.593161753246,2020-05-16,1289.6079332658223,-1289.6079332658223
75,2188.274219734328,954.0,2619.931900552341,1665.9319005523412,-1665.9319005523412,2020-05-17,1234.2742197343282,-1234.2742197343282
76,2134.30609030383,906.0,2575.503558533532,1669.5035585335322,-1669.5035585335322,2020-05-18,1228.30609030383,-1228.30609030383
77,2079.2192224775044,865.7142857142857,2514.591051697731,1648.8767659834452,-1648.8767659834452,2020-05-19,1213.5049367632187,-1213.5049367632187
78,2003.0262786490578,828.8571428571429,2454.735788123948,1625.8786452668053,-1625.8786452668053,2020-05-20,1174.1691357919149,-1174.1691357919149
79,1907.554137332099,822.8571428571429,2408.2591851098196,1585.4020422526767,-1585.4020422526767,2020-05-21,1084.696994474956,-1084.696994474956
80,1801.4332463571004,846.4285714285714,2364.955100280898,1518.5265288523265,-1518.5265288523265,2020-05-22,955.004674928529,-955.004674928529
81,1690.84118611472,842.2857142857143,2327.6756464072637,1485.3899321215495,-1485.3899321215495,2020-05-23,848.5554718290056,-848.5554718290056
82,1596.6158192157745,857.7142857142857,2297.5704671314784,1439.8561814171926,-1439.8561814171926,2020-05-24,738.9015335014889,-738.9015335014889
83,1521.4353375775474,796.2857142857143,2280.609320827893,1484.3236065421788,-1484.3236065421788,2020-05-25,725.1496232918331,-725.1496232918331
84,1460.6694729839053,803.4285714285714,2267.376198751586,1463.9476273230143,-1463.9476273230143,2020-05-26,657.2409015553338,-657.2409015553338
85,1409.3311277627945,756.0,2240.25258738654,1484.2525873865402,-1484.2525873865402,2020-05-27,653.3311277627945,-653.3311277627945
86,1369.4092752933502,695.5714285714286,2190.64619742121,1495.0747688497818,-1495.0747688497818,2020-05-28,673.8378467219217,-673.8378467219217
87,1338.5084435939789,639.0,2125.1792663676397,1486.1792663676397,-1486.1792663676397,2020-05-29,699.5084435939789,-699.5084435939789
88,1307.8510695525579,623.5714285714286,2053.9226473058975,1430.351218734469,-1430.351218734469,2020-05-30,684.2796409811293,-684.2796409811293
89,1280.1766825403486,589.7142857142857,1975.5830502680371,1385.8687645537516,-1385.8687645537516,2020-05-31,690.4623968260629,-690.4623968260629
90,1256.1916881969996,621.2857142857143,1905.197454588754,1283.9117403030396,-1283.9117403030396,2020-06-01,634.9059739112853,-634.9059739112853
91,1226.8685220394816,552.5714285714286,1835.6951813186918,1283.123752747263,-1283.123752747263,2020-06-02,674.297093468053,-674.297093468053
92,1192.6368616053037,519.7142857142857,1765.8441202640533,1246.1298345497676,-1246.1298345497676,2020-06-03,672.922575891018,-672.922575891018
93,1154.454611863409,502.14285714285717,1702.516589147704,1200.373732004847,-1200.373732004847,2020-06-04,652.3117547205518,-652.3117547205518
94,1120.5121362379618,468.0,1649.9186974423274,1181.9186974423274,-1181.9186974423274,2020-06-05,652.5121362379618,-652.5121362379618
95,1097.8805078778948,453.57142857142856,1603.5455323968615,1149.9741038254328,-1149.9741038254328,2020-06-06,644.3090793064663,-644.3090793064663
96,1080.6536710602898,448.85714285714283,1564.2460422175272,1115.3888993603844,-1115.3888993603844,2020-06-07,631.7965282031469,-631.7965282031469
97,1073.545858510903,415.14285714285717,1528.9531965255737,1113.8103393827166,-1113.8103393827166,2020-06-08,658.4030013680458,-658.4030013680458
98,1059.6879301071167,393.57142857142856,1498.9497207403183,1105.3782921688899,-1105.3782921688899,2020-06-09,666.1165015356881,-666.1165015356881
99,1050.5511723416193,372.2857142857143,1465.953639456204,1093.6679251704898,-1093.6679251704898,2020-06-10,678.2654580559051,-678.2654580559051
100,1033.632047712803,349.7142857142857,1429.8137377159937,1080.099452001708,-1080.099452001708,2020-06-11,683.9177619985171,-683.9177619985171
101,1003.4697094985418,350.7142857142857,1389.2521781751088,1038.537892460823,-1038.537892460823,2020-06-12,652.755423784256,-652.755423784256
102,960.9529200622014,343.57142857142856,1352.6496438128609,1009.0782152414323,-1009.0782152414323,2020-06-13,617.3814914907729,-617.3814914907729
103,917.6579806634359,341.14285714285717,1327.7445876598358,986.6017305169787,-986.6017305169787,2020-06-14,576.5151235205788,-576.5151235205788
104,872.5031288266182,331.2857142857143,1307.6656380721502,976.3799237864359,-976.3799237864359,2020-06-15,541.217414540904,-541.217414540904
105,842.568243767534,331.14285714285717,1295.3803294556483,964.2374723127912,-964.2374723127912,2020-06-16,511.42538662467683,-511.42538662467683
106,805.1071427294187,329.85714285714283,1277.4444064412799,947.587263584137,-947.587263584137,2020-06-17,475.24999987227585,-475.24999987227585
107,769.7395567979132,331.7142857142857,1266.6012375525065,934.8869518382207,-934.8869518382207,2020-06-18,438.0252710836275,-438.0252710836275
108,739.1111958452634,324.85714285714283,1250.2831095967974,925.4259667396545,-925.4259667396545,2020-06-19,414.2540529881206,-414.2540529881206
109,707.8755310262952,325.7142857142857,1222.0057549136027,896.2914691993169,-896.2914691993169,2020-06-20,382.1612453120095,-382.1612453120095
110,678.1077077473913,324.57142857142856,1179.9433987481254,855.3719701766969,-855.3719701766969,2020-06-21,353.5362791759627,-353.5362791759627
111,651.9353787984167,327.42857142857144,1137.5464459827967,810.1178745542253,-810.1178745542253,2020-06-22,324.5068073698452,-324.5068073698452
112,622.3549579977989,322.0,1089.4585127830505,767.4585127830505,-767.4585127830505,2020-06-23,300.3549579977989,-300.3549579977989
113,596.3665625708444,325.57142857142856,1059.03340113163,733.4619725602014,-733.4619725602014,2020-06-24,270.79513399941584,-270.79513399941584
114,571.2677967463221,314.2857142857143,1016.9667876107352,702.6810733250209,-702.6810733250209,2020-06-25,256.98208246060784,-256.98208246060784
115,545.556365941252,307.7142857142857,977.5739509718759,669.8596652575902,-669.8596652575902,2020-06-26,237.8420802269663,-237.8420802269663
116,525.1828704306058,308.14285714285717,944.4946147373745,636.3517575945173,-636.3517575945173,2020-06-27,217.04001328774865,-217.04001328774865
117,507.2521508506366,312.42857142857144,913.0835311072213,600.6549596786499,-600.6549596786499,2020-06-28,194.82357942206517,-194.82357942206517
118,492.35022429057534,317.57142857142856,882.9381434747152,565.3667149032866,-565.3667149032866,2020-06-29,174.77879571914679,-174.77879571914679
119,480.5893587895802,326.0,858.1124002763204,532.1124002763204,-532.1124002763204,2020-06-30,154.58935878958022,-154.58935878958022
120,472.1938539062228,328.2857142857143,825.1969722253936,496.9112579396793,-496.9112579396793,2020-07-01,143.9081396205085,-143.9081396205085
121,466.4722047448158,345.0,798.4799383027213,453.4799383027213,-453.4799383027213,2020-07-02,121.47220474481583,-121.47220474481583
122,463.55055516958237,333.42857142857144,773.4527591211455,440.02418769257406,-440.02418769257406,2020-07-03,130.12198374101092,-130.12198374101092
123,459.9287283079965,321.14285714285717,747.8913606745856,426.74850353172843,-426.74850353172843,2020-07-04,138.78587116513933,-138.78587116513933
124,457.3769956145968,314.2857142857143,728.2116564171655,413.9259421314512,-413.9259421314512,2020-07-05,143.09128132888253,-143.09128132888253
125,455.220999875239,313.57142857142856,710.3482661247253,396.7768375532968,-396.7768375532968,2020-07-06,141.64957130381043,-141.64957130381043
126,454.5567341702325,316.2857142857143,694.2910982881274,378.0053840024131,-378.0053840024131,2020-07-07,138.27101988451824,-138.27101988451824
127,453.1153434216976,322.0,681.6062289816992,359.60622898169925,-359.60622898169925,2020-07-08,131.11534342169762,-131.11534342169762
128,452.4874229175704,318.57142857142856,672.4191713503429,353.8477427789144,-353.8477427789144,2020-07-09,133.91599434614187,-133.91599434614187
129,449.87462870989526,328.85714285714283,666.2695002896445,337.41235743250166,-337.41235743250166,2020-07-10,121.01748585275243,-121.01748585275243
130,446.51888656190465,348.7142857142857,663.4921277591161,314.7778420448304,-314.7778420448304,2020-07-11,97.80460084761893,-97.80460084761893
131,443.1435526950019,358.7142857142857,659.5021973337446,300.78791161945884,-300.78791161945884,2020-07-12,84.42926698071619,-84.42926698071619
132,440.81162568501065,366.0,656.7648360601494,290.7648360601494,-290.7648360601494,2020-07-13,74.81162568501065,-74.81162568501065
133,439.70786687305997,357.85714285714283,654.3579322908606,296.5007894337178,-296.5007894337178,2020-07-14,81.85072401591714,-81.85072401591714
134,441.05658130134856,358.14285714285717,653.8265512628215,295.6836941199643,-295.6836941199643,2020-07-15,82.91372415849139,-82.91372415849139
135,443.30970781615804,361.57142857142856,652.2823926849024,290.7109641134739,-290.7109641134739,2020-07-16,81.73827924472948,-81.73827924472948
136,449.7042950732368,377.2857142857143,651.6703190037183,274.384604718004,-274.384604718004,2020-07-17,72.4185807875225,-72.4185807875225
137,454.34745361549517,371.14285714285717,648.6837447583675,277.54088761551037,-277.54088761551037,2020-07-18,83.204596472638,-83.204596472638
138,455.74035781621933,364.14285714285717,645.3052178749017,281.16236073204453,-281.16236073204453,2020-07-19,91.59750067336216,-91.59750067336216
139,454.44675248861313,352.57142857142856,642.1217409414904,289.5503123700619,-289.5503123700619,2020-07-20,101.87532391718457,-101.87532391718457
140,451.8845340864999,343.57142857142856,640.1553946180003,296.58396604657173,-296.58396604657173,2020-07-21,108.31310551507136,-108.31310551507136
141,449.05358983363425,328.0,639.1632337059293,311.1632337059293,-311.1632337059293,2020-07-22,121.05358983363425,-121.05358983363425
142,447.44588628411293,312.57142857142856,640.5452579983644,327.9738294269358,-327.9738294269358,2020-07-23,134.87445771268438,-134.87445771268438
143,444.86533760172983,295.85714285714283,642.0332825567041,346.17613969956125,-346.17613969956125,2020-07-24,149.008194744587,-149.008194744587
144,445.704864438091,286.85714285714283,648.1309586933681,361.2738158362253,-361.2738158362253,2020-07-25,158.8477215809482,-158.8477215809482
145,451.69535771012306,281.85714285714283,652.2440764861448,370.38693362900193,-370.38693362900193,2020-07-26,169.83821485298023,-169.83821485298023
146,460.5168740749359,269.2857142857143,653.4355841236455,384.14986983793125,-384.14986983793125,2020-07-27,191.23115978922164,-191.23115978922164
147,470.51921526874816,265.42857142857144,652.4949845160756,387.0664130875042,-387.0664130875042,2020-07-28,205.0906438401767,-205.0906438401767
148,477.91439930881774,259.57142857142856,650.7864052951336,391.21497672370504,-391.21497672370504,2020-07-29,218.34297073738918,-218.34297073738918
149,483.69640042526385,254.57142857142858,648.8335011771748,394.2620726057462,-394.2620726057462,2020-07-30,229.12497185383526,-229.12497185383526
150,489.0381594555719,249.14285714285714,647.7870195635728,398.6441624207157,-398.6441624207157,2020-07-31,239.89530231271473,-239.89530231271473
151,495.66828095912933,254.42857142857142,644.3937890359334,389.965217607362,-389.965217607362,2020-08-01,241.23970953055792,-241.23970953055792
152,499.0480692812375,254.14285714285714,644.7252320391791,390.582374896322,-390.582374896322,2020-08-02,244.90521213838034,-244.90521213838034
153,499.8760460700308,259.0,650.5264700949192,391.5264700949192,-391.5264700949192,2020-08-03,240.87604607003078,-240.87604607003078
154,497.49492295299257,241.0,658.837852788823,417.83785278882306,-417.83785278882306,2020-08-04,256.49492295299257,-256.49492295299257
155,493.42828129019057,242.42857142857142,668.1383216381073,425.70975020953585,-425.70975020953585,2020-08-05,250.99970986161915,-250.99970986161915
156,485.95248343689104,244.71428571428572,674.735172697476,430.0208869831902,-430.0208869831902,2020-08-06,241.23819772260532,-241.23819772260532
157,475.1920570390565,243.85714285714286,680.2380410943713,436.3808982372284,-436.3808982372284,2020-08-07,231.33491418191366,-231.33491418191366
158,460.9501782485417,239.71428571428572,686.312656555857,446.59837084157124,-446.59837084157124,2020-08-08,221.23589253425598,-221.23589253425598
159,446.9419415465423,239.14285714285714,693.8126976830619,454.66984054020475,-454.66984054020475,2020-08-09,207.79908440368516,-207.79908440368516
160,433.88987533535277,233.85714285714286,697.2904840196882,463.4333411625453,-463.4333411625453,2020-08-10,200.0327324782099,-200.0327324782099
161,421.0903727923121,244.85714285714286,697.8628618035998,453.0057189464569,-453.0057189464569,2020-08-11,176.23322993516925,-176.23322993516925
162,409.67620581814225,247.85714285714286,695.2628002422197,447.4056573850768,-447.4056573850768,2020-08-12,161.8190629609994,-161.8190629609994
163,399.9118034882205,246.14285714285714,691.8435131226267,445.70065597976964,-445.70065597976964,2020-08-13,153.7689463453634,-153.7689463453634
164,391.67248047675406,249.42857142857142,685.3274729762759,435.89890154770444,-435.89890154770444,2020-08-14,142.24390904818264,-142.24390904818264
165,384.8109244023051,248.0,675.6229101419449,427.6229101419449,-427.6229101419449,2020-08-15,136.8109244023051,-136.8109244023051
166,380.1278334430286,248.85714285714286,661.4642074619021,412.6070646047592,-412.6070646047592,2020-08-16,131.27069058588572,-131.27069058588572
167,376.7866766793387,252.0,647.2250880684171,395.2250880684171,-395.2250880684171,2020-08-17,124.78667667933871,-124.78667667933871
168,375.7939244679042,255.0,633.910997399262,378.910997399262,-378.910997399262,2020-08-18,120.79392446790422,-120.79392446790422
169,372.84814987863814,246.14285714285714,620.4408825380461,374.29802539518903,-374.29802539518903,2020-08-19,126.705292735781,-126.705292735781
170,370.1792610713414,238.85714285714286,608.3063158392906,369.44917298214773,-369.44917298214773,2020-08-20,131.32211821419853,-131.32211821419853
171,368.3433159674917,235.0,597.7510309006486,362.75103090064863,-362.75103090064863,2020-08-21,133.34331596749172,-133.34331596749172
172,366.9281789106982,232.85714285714286,588.9180827481406,356.0609398909977,-356.0609398909977,2020-08-22,134.07103605355533,-134.07103605355533
173,364.6631869886603,234.28571428571428,581.566142401525,347.2804281158107,-347.2804281158107,2020-08-23,130.37747270294602,-130.37747270294602
174,362.5097141265869,229.28571428571428,576.9157305870738,347.6300163013595,-347.6300163013595,2020-08-24,133.22399984087264,-133.22399984087264
175,359.5813631585666,229.0,573.1951173118183,344.1951173118183,-344.1951173118183,2020-08-25,130.5813631585666,-130.5813631585666
176,359.7759400691305,236.85714285714286,572.2002364226751,335.3430935655322,-335.3430935655322,2020-08-26,122.91879721198765,-122.91879721198765
177,360.70818264569556,243.57142857142858,568.1544084974698,324.5829799260413,-324.5829799260413,2020-08-27,117.13675407426697,-117.13675407426697
178,361.54668456315994,247.42857142857142,565.3017438479833,317.87317241941184,-317.87317241941184,2020-08-28,114.11811313458853,-114.11811313458853
179,363.01405306373323,246.28571428571428,563.6046752546515,317.31896096893723,-317.31896096893723,2020-08-29,116.72833877801895,-116.72833877801895
180,364.58280969517574,251.28571428571428,562.5234646584306,311.23775037271633,-311.23775037271633,2020-08-30,113.29709540946146,-113.29709540946146
181,366.0609792641231,253.42857142857142,560.0795061290264,306.65093470045497,-306.65093470045497,2020-08-31,112.63240783555167,-112.63240783555167
182,368.0722643392427,255.28571428571428,557.8302033501012,302.54448906438694,-302.54448906438694,2020-09-01,112.7865500535284,-112.7865500535284
183,369.61520089847704,249.28571428571428,554.1569728638444,304.87125857813015,-304.87125857813015,2020-09-02,120.32948661276276,-120.32948661276276
184,369.571602425405,249.28571428571428,554.9187241239207,305.6330098382064,-305.6330098382064,2020-09-03,120.28588813969071,-120.28588813969071
185,368.0654841065407,242.42857142857142,556.1397967295987,313.7112253010273,-313.7112253010273,2020-09-04,125.63691267796926,-125.63691267796926
186,365.3224463590554,246.42857142857142,556.7490321738379,310.3204607452665,-310.3204607452665,2020-09-05,118.89387493048397,-118.89387493048397
187,362.19321128726006,249.57142857142858,558.068299893822,308.4968713223934,-308.4968713223934,2020-09-06,112.62178271583147,-112.62178271583147
188,359.34973148788725,236.0,559.4377886397498,323.4377886397498,-323.4377886397498,2020-09-07,123.34973148788725,-123.34973148788725
189,355.9056886349406,250.0,560.8969577891486,310.8969577891486,-310.8969577891486,2020-09-08,105.90568863494059,-105.90568863494059
190,352.65468531421254,261.7142857142857,563.4222396910191,301.70795397673334,-301.70795397673334,2020-09-09,90.94039959992682,-90.94039959992682
191,351.7602464769568,268.85714285714283,565.174259705203,296.31711684806015,-296.31711684806015,2020-09-10,82.90310361981398,-82.90310361981398
192,352.9961804066386,280.42857142857144,564.6809977761337,284.2524263475623,-284.2524263475623,2020-09-11,72.56760897806714,-72.56760897806714
193,355.5297010796411,287.0,562.9061930264745,275.9061930264745,-275.9061930264745,2020-09-12,68.52970107964109,-68.52970107964109
194,358.19815626740456,293.7142857142857,560.0556964746544,266.34141076036866,-266.34141076036866,2020-09-13,64.48387055311883,-64.48387055311883
195,361.37840076429507,324.42857142857144,557.1107497044973,232.68217827592582,-232.68217827592582,2020-09-14,36.94982933572362,-36.94982933572362
196,365.042998279844,316.42857142857144,554.558149772031,238.12957834345957,-238.12957834345957,2020-09-15,48.61442685127258,-48.61442685127258
197,368.5518869629928,318.42857142857144,550.9520908934729,232.52351946490148,-232.52351946490148,2020-09-16,50.12331553442135,-50.12331553442135
198,370.10755616852214,322.7142857142857,547.2800824259009,224.56579671161518,-224.56579671161518,2020-09-17,47.393270454236415,-47.393270454236415
199,370.6151275421892,318.57142857142856,546.4561658927373,227.88473732130876,-227.88473732130876,2020-09-18,52.04369897076066,-52.04369897076066
200,369.5195286614554,312.2857142857143,547.905085853168,235.6193715674537,-235.6193715674537,2020-09-19,57.23381437574113,-57.23381437574113
201,368.73869814191545,298.7142857142857,550.525212172951,251.81092645866528,-251.81092645866528,2020-09-20,70.02441242762973,-70.02441242762973
202,368.2132301075118,310.14285714285717,552.9837560866561,242.8408989437989,-242.8408989437989,2020-09-21,58.07037296465461,-58.07037296465461
203,365.69232382093156,319.57142857142856,556.0417198751654,236.47029130373687,-236.47029130373687,2020-09-22,46.12089524950301,-46.12089524950301
204,365.04039656264445,342.57142857142856,559.8230793050358,217.25165073360722,-217.25165073360722,2020-09-23,22.46896799121589,-22.46896799121589
205,367.3481591386454,360.0,563.7074430840356,203.70744308403562,-203.70744308403562,2020-09-24,7.348159138645428,-7.348159138645428
206,371.4025806146009,384.7142857142857,565.1904218878065,180.47613617352073,-180.47613617352073,2020-09-25,13.311705099684843,13.311705099684843
207,378.13712558576043,402.0,565.7841652887208,163.78416528872083,-163.78416528872083,2020-09-26,23.86287441423957,23.86287441423957
208,385.75995988079484,433.85714285714283,564.4747525581292,130.6176097009864,-130.6176097009864,2020-09-27,48.097182976347995,48.097182976347995
209,393.9672738867147,422.85714285714283,564.1475274903434,141.29038463320052,-141.29038463320052,2020-09-28,28.889868970428154,28.889868970428154
210,407.50885713100433,463.14285714285717,563.9191282561848,100.7762711133276,-100.7762711133276,2020-09-29,55.634000011852834,55.634000011852834
211,418.3221456919398,470.85714285714283,560.8362116345338,89.97906877739098,-89.97906877739098,2020-09-30,52.53499716520304,52.53499716520304
212,427.2336183999266,490.85714285714283,560.5154120198318,69.65826916268901,-69.65826916268901,2020-10-01,63.623524457216206,63.623524457216206
213,435.04625979065895,511.14285714285717,563.3347273852144,52.1918702423572,-52.1918702423572,2020-10-02,76.09659735219822,76.09659735219822
214,440.1684102373464,510.7142857142857,567.4776466659138,56.763360951628044,-56.763360951628044,2020-10-03,70.54587547693933,70.54587547693933
215,442.5093249976635,504.0,574.4271880856583,70.42718808565826,-70.42718808565826,2020-10-04,61.4906750023365,61.4906750023365
216,440.9147482940129,550.8571428571429,581.8185483898435,30.96140553270061,-30.96140553270061,2020-10-05,109.94239456313,109.94239456313
217,438.3938420074327,533.8571428571429,589.6252373669829,55.76809450984001,-55.76809450984001,2020-10-06,95.46330084971021,95.46330084971021
218,438.5639785443034,528.1428571428571,604.4552225044796,76.31236536162248,-76.31236536162248,2020-10-07,89.57887859855373,89.57887859855373
219,443.33032445396697,514.8571428571429,615.1120926737785,100.25494981663564,-100.25494981663564,2020-10-08,71.52681840317592,71.52681840317592
220,452.3226474949292,504.42857142857144,623.9653026844774,119.53673125590592,-119.53673125590592,2020-10-09,52.10592393364226,52.10592393364226
221,467.11849494917055,509.57142857142856,632.0780876321452,122.50665906071663,-122.50665906071663,2020-10-10,42.452933622258,42.452933622258
222,485.6905378188406,501.85714285714283,637.4329340883664,135.5757912312236,-135.5757912312236,2020-10-11,16.166605038302237,16.166605038302237
223,510.2439679503441,466.14285714285717,640.4020058725562,174.259148729699,-174.259148729699,2020-10-12,44.10111080748692,-44.10111080748692
224,529.5209579212325,469.57142857142856,639.2890622104917,169.71763363906314,-169.71763363906314,2020-10-13,59.949529349803925,-59.949529349803925
225,553.4807234917369,474.57142857142856,637.1364171675274,162.56498859609883,-162.56498859609883,2020-10-14,78.9092949203083,-78.9092949203083
226,574.8237134388515,485.85714285714283,637.9913177873407,152.13417493019784,-152.13417493019784,2020-10-15,88.96657058170871,-88.96657058170871
227,596.3772059593882,482.7142857142857,643.2758390392576,160.56155332497184,-160.56155332497184,2020-10-16,113.6629202451025,-113.6629202451025
228,617.8841829299927,490.57142857142856,651.3695053075041,160.7980767360756,-160.7980767360756,2020-10-17,127.31275435856412,-127.31275435856412
229,635.6954600385258,509.2857142857143,664.4861414091928,155.2004271234785,-155.2004271234785,2020-10-18,126.40974575281149,-126.40974575281149
230,647.4826580711774,525.1428571428571,681.1027572836194,155.95990014076233,-155.95990014076233,2020-10-19,122.3398009283203,-122.3398009283203
231,667.2696634531021,526.4285714285714,704.4948754651206,178.06630403654913,-178.06630403654913,2020-10-20,140.84109202453067,-140.84109202453067
232,678.827279652868,537.1428571428571,722.8475462709155,185.70468912805836,-185.70468912805836,2020-10-21,141.6844225100109,-141.6844225100109
233,686.7545542802129,559.1428571428571,746.8646284597261,187.72177131686897,-187.72177131686897,2020-10-22,127.6116971373558,-127.6116971373558
234,688.675567652498,573.2857142857143,768.2240171091897,194.9383028234754,-194.9383028234754,2020-10-23,115.38985336678365,-115.38985336678365
235,685.7319217409406,575.7142857142857,790.0060665437154,214.29178082942974,-214.29178082942974,2020-10-24,110.01763602665494,-110.01763602665494
236,683.1410056097167,568.4285714285714,811.529521056584,243.1009496280126,-243.1009496280126,2020-10-25,114.71243418114523,-114.71243418114523
237,679.0369938271386,578.1428571428571,829.4577177592687,251.31486061641158,-251.31486061641158,2020-10-26,100.89413668428153,-100.89413668428153
238,664.6793780411992,597.8571428571429,841.2081763914654,243.35103353432248,-243.35103353432248,2020-10-27,66.82223518405635,-66.82223518405635
239,653.1544015663011,616.7142857142857,862.546041744096,245.83175602981032,-245.83175602981032,2020-10-28,36.440115852015424,-36.440115852015424
240,644.3322150622096,597.0,874.0705451795034,277.07054517950337,-277.07054517950337,2020-10-29,47.33221506220957,-47.33221506220957
241,640.2505149756159,604.0,882.880905696324,278.880905696324,-278.880905696324,2020-10-30,36.25051497561594,-36.25051497561594
242,637.5983402303287,606.8571428571429,885.5780191932406,278.7208763360977,-278.7208763360977,2020-10-31,30.741197373185855,-30.741197373185855
243,637.3432142649378,626.2857142857143,883.2646984032223,256.97898411750793,-256.97898411750793,2020-11-01,11.057499979223508,-11.057499979223508
244,642.4892532059125,663.2857142857143,881.7393037251064,218.4535894393921,-218.4535894393921,2020-11-02,20.796461079801816,20.796461079801816
245,653.6584251437869,686.5714285714286,879.0942245721817,192.52279600075315,-192.52279600075315,2020-11-03,32.913003427641684,32.913003427641684
246,664.1596653206008,733.2857142857143,864.1338776350021,130.8481633492878,-130.8481633492878,2020-11-04,69.12604896511357,69.12604896511357
247,675.4370844619615,807.8571428571429,852.9464936767306,45.08935081958771,-45.08935081958771,2020-11-05,132.4200583951814,132.4200583951814
248,689.3233163952827,862.5714285714286,844.3598808390753,18.21154773235321,18.21154773235321,2020-11-06,173.2481121761458,173.2481121761458
249,705.1394706112998,925.2857142857143,839.9547794205802,85.33093486513417,85.33093486513417,2020-11-07,220.14624367441456,220.14624367441456
250,719.2380972760064,966.8571428571429,836.7135128293719,130.143630027771,130.143630027771,2020-11-08,247.61904558113645,247.61904558113645
251,728.6666415674346,1051.7142857142858,835.1616279397692,216.55265777451655,216.55265777451655,2020-11-09,323.0476441468512,323.0476441468512
252,737.2520718063627,1150.0,838.9516203403473,311.0483796596527,311.0483796596527,2020-11-10,412.74792819363734,412.74792819363734
253,748.3654250843184,1210.2857142857142,849.7725563730513,360.5131579126629,360.5131579126629,2020-11-11,461.9202892013958,461.9202892013958
254,761.408148765564,1262.2857142857142,859.8495589665005,402.43615531921375,402.43615531921375,2020-11-12,500.87756552015026,500.87756552015026
255,767.8119208727564,1327.857142857143,871.1081353681428,456.74900748900006,456.74900748900006,2020-11-13,560.0452219843864,560.0452219843864
256,773.566761638437,1354.142857142857,884.7672295059477,469.37562763690937,469.37562763690937,2020-11-14,580.5760955044201,580.5760955044201
257,778.8189191051893,1369.5714285714287,900.7017224345889,468.8697061368398,468.8697061368398,2020-11-15,590.7525094662394,590.7525094662394
258,787.5744070410728,1409.857142857143,915.2126818554742,494.6444610016687,494.6444610016687,2020-11-16,622.28273581607,622.28273581607
259,802.157662664141,1429.4285714285713,924.9891466924123,504.439424736159,504.439424736159,2020-11-17,627.2709087644304,627.2709087644304
260,819.8520201785224,1459.857142857143,933.9805236543929,525.87661920275,525.87661920275,2020-11-18,640.0051226786205,640.0051226786205
261,846.3857512984957,1510.142857142857,945.954729965755,564.1881271771022,564.1881271771022,2020-11-19,663.7571058443614,663.7571058443614
262,888.457174054214,1550.142857142857,959.717498591968,590.4253585508891,590.4253585508891,2020-11-20,661.6856830886431,661.6856830886431
263,939.545044864927,1587.7142857142858,966.1082621131625,621.6060236011233,621.6060236011233,2020-11-21,648.1692408493587,648.1692408493587
264,999.691227725574,1623.4285714285713,971.8001886265619,651.6283828020095,651.6283828020095,2020-11-22,623.7373437029974,623.7373437029974
265,1061.6840779185295,1692.4285714285713,977.1877930675234,715.2407783610479,715.2407783610479,2020-11-23,630.7444935100418,630.7444935100418
266,1132.829690379756,1742.0,986.8325952461788,755.1674047538212,755.1674047538212,2020-11-24,609.1703096202441,609.1703096202441
267,1215.7511479258537,1829.857142857143,1002.4328069346292,827.4243359225137,827.4243359225137,2020-11-25,614.1059949312892,614.1059949312892
268,1299.8529178415026,1680.142857142857,1020.1260606901986,660.0167964526585,660.0167964526585,2020-11-26,380.2899393013545,380.2899393013545
269,1381.4676826340813,1755.2857142857142,1044.9536960465568,710.3320182391574,710.3320182391574,2020-11-27,373.81803165163296,373.81803165163296
270,1462.777494634901,1826.142857142857,1086.728601881436,739.4142552614212,739.4142552614212,2020-11-28,363.3653625079562,363.3653625079562
271,1534.968051331384,1909.142857142857,1137.3930235079356,771.7498336349215,771.7498336349215,2020-11-29,374.1748058114731,374.1748058114731
272,1590.8482063838414,1978.2857142857142,1198.3266594409943,779.95905484472,779.95905484472,2020-11-30,387.4375079018728,387.4375079018728
273,1634.8407213517598,2130.5714285714284,1262.2536892720632,868.3177392993653,868.3177392993653,2020-12-01,495.7307072196686,495.7307072196686
274,1669.9307907819748,2221.4285714285716,1335.8715637922287,885.5570076363429,885.5570076363429,2020-12-02,551.4977806465968,551.4977806465968
275,1698.8139513731003,2517.4285714285716,1423.3772470440183,1094.0513243845533,1094.0513243845533,2020-12-03,818.6146200554713,818.6146200554713
276,1729.0895825454168,2589.714285714286,1513.7104450123652,1076.0038407019206,1076.0038407019206,2020-12-04,860.624703168869,860.624703168869
277,1764.261330127716,2603.285714285714,1599.9427059548243,1003.3430083308899,1003.3430083308899,2020-12-05,839.0243841579982,839.0243841579982
278,1800.7722525085721,2606.8571428571427,1686.4190552745547,920.438087582588,920.438087582588,2020-12-06,806.0848903485705,806.0848903485705
279,1837.5457118068423,2679.8571428571427,1763.2264774015973,916.6306654555453,916.6306654555453,2020-12-07,842.3114310503004,842.3114310503004
280,1881.54910668305,2668.714285714286,1828.4806983641217,840.233587350164,840.233587350164,2020-12-08,787.1651790312358,787.1651790312358
281,1926.2648990324567,2683.8571428571427,1884.0647306953158,799.7924121618269,799.7924121618269,2020-12-09,757.592243824686,757.592243824686
282,1980.7901113033295,2721.4285714285716,1928.1591068335943,793.2694645949773,793.2694645949773,2020-12-10,740.6384601252421,740.6384601252421
283,1990.4271871703013,2745.714285714286,1967.4660079649518,778.248277749334,778.248277749334,2020-12-11,755.2870985439845,755.2870985439845
284,2000.79826264722,2791.285714285714,2006.3765020029887,784.9092122827255,784.9092122827255,2020-12-12,790.4874516384941,790.4874516384941
285,2013.5578721932004,2851.1428571428573,2041.5698517220362,809.5730054208211,809.5730054208211,2020-12-13,837.5849849496569,837.5849849496569
286,2049.3463055917196,2889.285714285714,2075.2133663892746,814.0723478964396,814.0723478964396,2020-12-14,839.9394086939947,839.9394086939947
287,2101.3830147811345,2975.714285714286,2103.643355148179,872.0709305661067,872.0709305661067,2020-12-15,874.3312709331512,874.3312709331512
288,2182.151984964098,2929.8571428571427,2137.9712002788274,791.8859425783153,791.8859425783153,2020-12-16,747.7051578930445,747.7051578930445
289,2262.0322716236115,2755.8571428571427,2173.091701916286,582.7654409408565,582.7654409408565,2020-12-17,493.8248712335312,493.8248712335312
290,2382.6562380279815,2820.4285714285716,2215.382536155837,605.0460352727346,605.0460352727346,2020-12-18,437.77233340059,437.77233340059
291,2489.271139911243,2871.714285714286,2212.5198588371277,659.1944268771581,659.1944268771581,2020-12-19,382.4431458030426,382.4431458030426
292,2564.2838502100535,2897.0,2219.308921609606,677.6910783903941,677.6910783903941,2020-12-20,332.7161497899465,332.7161497899465
293,2608.398567046438,3006.0,2233.609220777239,772.390779222761,772.390779222761,2020-12-21,397.6014329535619,397.6014329535619
294,2635.4972649982997,3067.4285714285716,2262.275729281562,805.1528421470098,805.1528421470098,2020-12-22,431.9313064302719,431.9313064302719
295,2648.7234491620748,3217.4285714285716,2300.723590697561,916.7049807310104,916.7049807310104,2020-12-23,568.7051222664968,568.7051222664968
296,2661.3223829610006,3372.5714285714284,2361.5593074560165,1011.0121211154119,1011.0121211154119,2020-12-24,711.2490456104279,711.2490456104279
297,2678.683878353664,3032.5714285714284,2424.3794248785293,608.1920036928991,608.1920036928991,2020-12-25,353.8875502177643,353.8875502177643
298,2691.256637300764,3158.5714285714284,2523.8736633062363,634.6977652651922,634.6977652651922,2020-12-26,467.3147912706645,467.3147912706645
299,2712.921215261732,3234.8571428571427,2606.1574636186874,628.6996792384552,628.6996792384552,2020-12-27,521.9359275954107,521.9359275954107
300,2742.5514628887177,3382.4285714285716,2654.059965338026,728.3686060905457,728.3686060905457,2020-12-28,639.8771085398539,639.8771085398539
301,2771.1593144961766,3541.1428571428573,2669.403158903122,871.7396982397354,871.7396982397354,2020-12-29,769.9835426466807,769.9835426466807
302,2810.536383152008,3701.8571428571427,2679.0462266036443,1022.8109162534984,1022.8109162534984,2020-12-30,891.3207597051346,891.3207597051346
303,2827.7963327339717,3754.0,2662.7446550301142,1091.2553449698858,1091.2553449698858,2020-12-31,926.2036672660283,926.2036672660283
304,2795.761467695236,3792.285714285714,2642.6158786160604,1149.6698356696538,1149.6698356696538,2021-01-01,996.524246590478,996.524246590478
305,2775.1555521147593,3898.285714285714,2645.8047955036163,1252.480918782098,1252.480918782098,2021-01-02,1123.130162170955,1123.130162170955
306,2768.505562952587,3977.8571428571427,2656.019294909069,1321.8378479480739,1321.8378479480739,2021-01-03,1209.3515799045558,1209.3515799045558
307,2776.016483988081,4147.142857142857,2668.1609572001867,1478.9818999426702,1478.9818999426702,2021-01-04,1371.126373154776,1371.126373154776
308,2823.5298318862915,4279.285714285715,2686.0415345941274,1593.2441796915873,1593.2441796915873,2021-01-05,1455.7558823994232,1455.7558823994232
309,2867.230166128704,4379.0,2709.4926250321523,1669.5073749678477,1669.5073749678477,2021-01-06,1511.7698338712962,1511.7698338712962
310,2927.222611154829,4665.714285714285,2737.411731140954,1928.3025545733312,1928.3025545733312,2021-01-07,1738.4916745594564,1738.4916745594564
311,3005.652558735439,5232.428571428572,2740.5505058424815,2491.87806558609,2491.87806558609,2021-01-08,2226.7760126931325,2226.7760126931325
312,2987.2897964205063,5160.285714285715,2697.146925040654,2463.1387892450607,2463.1387892450607,2021-01-09,2172.9959178652084,2172.9959178652084
313,2985.0513735498703,5124.285714285715,2666.9521836212703,2457.3335306644444,2457.3335306644444,2021-01-10,2139.2343407358444,2139.2343407358444
314,2984.288518530982,5027.428571428572,2655.1835918085917,2372.24497961998,2372.24497961998,2021-01-11,2043.1400528975896,2043.1400528975896
315,3019.477610894612,4896.142857142857,2661.1438893931254,2234.9989677497315,2234.9989677497315,2021-01-12,1876.6652462482448,1876.6652462482448
316,3110.6477734020777,4824.428571428572,2695.598824466978,2128.8297469615936,2128.8297469615936,2021-01-13,1713.7807980264938,1713.7807980264938
317,3202.112166472844,4802.571428571428,2752.4405111244746,2050.130917446954,2050.130917446954,2021-01-14,1600.4592620985845,1600.4592620985845
318,3272.7719673769816,4732.0,2820.707678283964,1911.292321716036,1911.292321716036,2021-01-15,1459.2280326230184,1459.2280326230184
319,3323.4105295113154,4702.285714285715,2876.551251615797,1825.7344626699178,1825.7344626699178,2021-01-16,1378.8751847743993,1378.8751847743993
320,3367.9304835115163,4661.142857142857,2833.338148048946,1827.8047090939108,1827.8047090939108,2021-01-17,1293.2123736313406,1293.2123736313406
321,3414.9111889430455,4481.142857142857,2805.559376989092,1675.5834801537649,1675.5834801537649,2021-01-18,1066.2316681998113,1066.2316681998113
322,3485.568466969899,4468.714285714285,2783.2871009622304,1685.427184752055,1685.427184752055,2021-01-19,983.1458187443864,983.1458187443864
323,3561.82621720859,4431.571428571428,2806.1677057743073,1625.4037227971212,1625.4037227971212,2021-01-20,869.7452113628383,869.7452113628383
324,3635.6891261850087,4386.0,2853.3795698370254,1532.6204301629746,1532.6204301629746,2021-01-21,750.3108738149913,750.3108738149913
325,3739.1450703484675,4372.285714285715,2946.278218644006,1426.0074956417088,1426.0074956417088,2021-01-22,633.1406439372472,633.1406439372472
326,3934.7317625454493,4343.857142857143,3028.627140726362,1315.230002130781,1315.230002130781,2021-01-23,409.1253803116938,409.1253803116938
327,4068.513953106744,4334.714285714285,3029.9904405389516,1304.7238451753337,1304.7238451753337,2021-01-24,266.20033260754144,266.20033260754144
328,4110.382047721318,4481.428571428572,3028.0727384431025,1453.355832985469,1453.355832985469,2021-01-25,371.046523707254,371.046523707254
329,4105.629577636719,4419.571428571428,3014.0114818981715,1405.559946673257,1405.559946673257,2021-01-26,313.9418509347097,313.9418509347097
330,4045.7585460799082,4401.285714285715,3025.3833512578694,1375.9023630278452,1375.9023630278452,2021-01-27,355.52716820580645,355.52716820580645
331,3968.457901443754,4365.428571428572,3053.470544065748,1311.9580273628235,1311.9580273628235,2021-01-28,396.9706699848175,396.9706699848175
332,3922.881807940347,4220.857142857143,3088.738791704178,1132.1183511529653,1132.1183511529653,2021-01-29,297.9753349167963,297.9753349167963
333,3893.314316885812,4160.428571428572,3148.1519210338593,1012.2766503947123,1012.2766503947123,2021-01-30,267.1142545427597,267.1142545427597
334,3872.659205198288,4166.857142857143,3280.485033954893,886.3721089022501,886.3721089022501,2021-01-31,294.19793765885515,294.19793765885515
335,3852.576786654336,3500.714285714286,3320.5111127921514,180.2031729221344,180.2031729221344,2021-02-01,351.86250094005027,-351.86250094005027
336,3802.608994518008,3209.1428571428573,3268.254124879837,59.1112677369797,-59.1112677369797,2021-02-02,593.4661373751505,-593.4661373751505
337,3760.6746743747167,3241.285714285714,3142.3862003598897,98.89951392582452,98.89951392582452,2021-02-03,519.3889600890025,-519.3889600890025
338,3725.7331393446243,3268.8571428571427,2955.2079427923477,313.64920006479497,313.64920006479497,2021-02-04,456.87599648748164,-456.87599648748164
339,3704.5930044991633,3335.0,2776.7623095852987,558.2376904147013,558.2376904147013,2021-02-05,369.59300449916327,-369.59300449916327
340,3688.537413460868,3367.0,2666.045839956829,700.9541600431712,700.9541600431712,2021-02-06,321.5374134608678,-321.5374134608678
341,3677.2172630855016,3190.4285714285716,2681.053806202752,509.3747652258194,509.3747652258194,2021-02-07,486.78869165693004,-486.78869165693004
342,3668.7851764815196,3680.714285714286,2706.480309554509,974.2339761597768,974.2339761597768,2021-02-08,11.929109232766223,11.929109232766223
343,3696.061264242445,3815.1428571428573,2739.1790066787175,1075.9638504641398,1075.9638504641398,2021-02-09,119.08159290041249,119.08159290041249
344,3709.486755711692,3635.714285714286,2737.0405528204783,898.6737328938075,898.6737328938075,2021-02-10,73.772469997406,-73.772469997406
345,3715.066098826272,3428.5714285714284,2729.1007426466263,699.4706859248022,699.4706859248022,2021-02-11,286.49467025484364,-286.49467025484364
346,3698.348567860467,3310.285714285714,2725.055939640318,585.2297746453964,585.2297746453964,2021-02-12,388.0628535747528,-388.0628535747528
347,3656.807816573552,3186.4285714285716,2735.1887608936854,451.23981053488615,451.23981053488615,2021-02-13,470.37924514498036,-470.37924514498036
348,3607.0216716017044,3220.1428571428573,2756.0911145550863,464.05174258777106,464.05174258777106,2021-02-14,386.87881445884705,-386.87881445884705
349,3575.68911252703,2991.714285714286,2785.235077585493,206.47920812879283,206.47920812879283,2021-02-15,583.9748268127441,-583.9748268127441
350,3412.5721663406916,3001.4285714285716,2817.511823483876,183.91674794469554,183.91674794469554,2021-02-16,411.1435949121201,-411.1435949121201
351,3213.2468853678024,2954.1428571428573,2858.383696930749,95.75916021210833,95.75916021210833,2021-02-17,259.10402822494507,-259.10402822494507
352,3067.8988792555674,2754.714285714286,2883.9199454443797,129.20565973009388,-129.20565973009388,2021-02-18,313.18459354128163,-313.18459354128163
353,2994.0381777967727,2706.0,2895.725118977683,189.725118977683,-189.725118977683,2021-02-19,288.03817779677274,-288.03817779677274
354,3005.6330064364843,2732.8571428571427,2884.2378279822215,151.3806851250788,-151.3806851250788,2021-02-20,272.7758635793416,-272.7758635793416
355,3060.405933720725,2778.5714285714284,2837.3555147647858,58.784086193357325,-58.784086193357325,2021-02-21,281.83450514929655,-281.83450514929655
356,3054.6326444149017,2863.5714285714284,2785.4738048485347,78.09762372289379,78.09762372289379,2021-02-22,191.0612158434733,-191.0612158434733
357,3134.609115770885,2810.0,2752.633511236736,57.36648876326399,57.36648876326399,2021-02-23,324.6091157708852,-324.6091157708852
358,3229.3273898192815,2792.285714285714,2635.7506564855576,156.53505780015666,156.53505780015666,2021-02-24,437.0416755335673,-437.0416755335673
359,3273.877618346896,2967.714285714286,2497.692504286766,470.0217814275197,470.0217814275197,2021-02-25,306.16333263261004,-306.16333263261004
360,3247.37100815773,2958.285714285714,2427.5889978238515,530.6967164618627,530.6967164618627,2021-02-26,289.0852938720159,-289.0852938720159
361,3157.7615606103627,2870.8571428571427,2442.966880951609,427.89026190553386,427.89026190553386,2021-02-27,286.90441775322006,-286.90441775322006
362,3067.888472386769,2784.285714285714,2518.9540526015417,265.33166168417256,265.33166168417256,2021-02-28,283.60275810105486,-283.60275810105486
