,14 days Ahead Forecasted Values,MA Entries,14 day Difference,Abs 14 day Difference,7 days Ahead Forecasted Values,Abs 7 day Difference,7 day Difference,Date
0,4158632.148694992,4781201.0,622568.8513050079,622568.8513050079,4305532.428531544,475668.5714684557,475668.5714684557,2020-03-03
1,4172583.0068671703,4736079.428571428,563496.4217042578,563496.4217042578,4062610.765526601,673468.6630448271,673468.6630448271,2020-03-04
2,4173347.843429991,4681511.142857143,508163.2994271517,508163.2994271517,3891461.38732825,790049.7555288929,790049.7555288929,2020-03-05
3,4160297.496703267,4613029.142857143,452731.6461538756,452731.6461538756,3814685.173583814,798343.9692733288,798343.9692733288,2020-03-06
4,4143866.969333461,4587375.285714285,443508.3163808244,443508.3163808244,3774072.433666093,813302.8520481926,813302.8520481926,2020-03-07
5,4131977.8799689156,4574193.428571428,442215.5486025126,442215.5486025126,3841157.2736298013,733036.1549416268,733036.1549416268,2020-03-08
6,4118665.155964153,4523133.428571428,404468.2726072753,404468.2726072753,3852993.3437516345,670140.0848197937,670140.0848197937,2020-03-09
7,4110765.560693553,4435285.857142857,324520.2964493041,324520.2964493041,3937379.3142398424,497906.5429030149,497906.5429030149,2020-03-10
8,3974972.132471374,4320502.571428572,345530.43895719806,345530.43895719806,4046119.877788169,274382.693640403,274382.693640403,2020-03-11
9,3717650.9869328393,4127648.0,409997.01306716073,409997.01306716073,4172198.549384117,44550.54938411713,-44550.54938411713,2020-03-12
10,3418943.292426535,3883652.714285714,464709.42185917916,464709.42185917916,4304327.396307434,420674.68202171987,-420674.68202171987,2020-03-13
11,3245706.587426628,3720183.8571428573,474477.2697162293,474477.2697162293,4444559.75866563,724375.9015227724,-724375.9015227724,2020-03-14
12,3245317.5077531845,3582576.8571428573,337259.34938967275,337259.34938967275,4481720.538042443,899143.6808995856,-899143.6808995856,2020-03-15
13,3281846.9503013915,3181814.1428571427,-100032.80744424881,100032.80744424881,4485701.603436265,1303887.4605791224,-1303887.4605791224,2020-03-16
14,3307603.1546239853,2740347.8571428573,-567255.297481128,567255.297481128,4471999.79975806,1731651.9426152026,-1731651.9426152026,2020-03-17
15,3428733.6354603255,2299912.285714286,-1128821.3497460396,1128821.3497460396,4426386.9374122275,2126474.6516979416,-2126474.6516979416,2020-03-18
16,3639689.5891936165,1908753.7142857143,-1730935.8749079022,1730935.8749079022,4360577.278209141,2451823.563923427,-2451823.563923427,2020-03-19
17,3861228.727559413,1596680.0,-2264548.727559413,2264548.727559413,4294321.713580165,2697641.713580165,-2697641.713580165,2020-03-20
18,4029590.9249524046,1446374.5714285714,-2583216.353523833,2583216.353523833,4219862.032901934,2773487.461473363,-2773487.461473363,2020-03-21
19,4106736.913928066,1339272.4285714286,-2767464.4853566373,2767464.4853566373,4156639.1689561093,2817366.7403846807,-2817366.7403846807,2020-03-22
20,4130732.8793926067,1128821.2857142857,-3001911.5936783208,3001911.5936783208,4119012.364030531,2990191.078316245,-2990191.078316245,2020-03-23
21,4138404.355972767,978814.8571428572,-3159589.4988299096,3159589.4988299096,4071416.853900807,3092601.9967579497,-3092601.9967579497,2020-03-24
22,4098581.4668246848,844842.1428571428,-3253739.323967542,3253739.323967542,4006831.8032576013,3161989.6604004586,-3161989.6604004586,2020-03-25
23,4031086.6113839997,738607.7142857143,-3292478.897098285,3292478.897098285,3911625.55695922,3173017.8426735057,-3173017.8426735057,2020-03-26
24,3946432.2819596017,645188.1428571428,-3301244.139102459,3301244.139102459,3717052.0054369653,3071863.8625798225,-3071863.8625798225,2020-03-27
25,3863306.809980188,604092.5714285715,-3259214.2385516167,3259214.2385516167,3346394.2077408177,2742301.6363122463,-2742301.6363122463,2020-03-28
26,3772215.1288098437,583343.2857142857,-3188871.8430955578,3188871.8430955578,2895694.754736253,2312351.4690219676,-2312351.4690219676,2020-03-29
27,3686419.9340396947,559802.8571428572,-3126617.0768968374,3126617.0768968374,2457875.3071478517,1898072.4500049944,-1898072.4500049944,2020-03-30
28,3621968.3831307036,526350.7142857143,-3095617.6688449895,3095617.6688449895,2021345.3147315725,1494994.6004458582,-1494994.6004458582,2020-03-31
29,3580329.788839885,501007.4285714286,-3079322.3602684564,3079322.3602684564,1587287.2425466776,1086279.813975249,-1086279.813975249,2020-04-01
30,3527028.320620094,473085.28571428574,-3053943.034905808,3053943.034905808,1182598.9759421689,709513.6902278832,-709513.6902278832,2020-04-02
31,3404524.5054507256,448212.14285714284,-2956312.362593583,2956312.362593583,761596.6883550457,313384.5454979029,-313384.5454979029,2020-04-03
32,3168263.6906917775,441027.85714285716,-2727235.83354892,2727235.83354892,445072.8969360505,4045.0397931933403,-4045.0397931933403,2020-04-04
33,2755188.051783715,435811.28571428574,-2319376.766069429,2319376.766069429,373063.6568985667,62747.62881571904,62747.62881571904,2020-04-05
34,2262901.120476178,421513.85714285716,-1841387.2633333206,1841387.2633333206,517951.99242095865,96438.13527810149,-96438.13527810149,2020-04-06
35,1850208.171743078,411023.71428571426,-1439184.4574573636,1439184.4574573636,686487.7258737513,275464.0115880371,-275464.0115880371,2020-04-07
36,1491053.1026735562,398738.71428571426,-1092314.3883878419,1092314.3883878419,831014.0691178548,432275.35483214055,-432275.35483214055,2020-04-08
37,1116237.7806680968,387146.85714285716,-729090.9235252397,729090.9235252397,897898.9653604883,510752.1082176311,-510752.1082176311,2020-04-09
38,662763.5859881938,375253.5714285714,-287510.01455962233,287510.01455962233,905010.6810897036,529757.1096611321,-529757.1096611321,2020-04-10
39,280945.78148818447,371648.4285714286,90702.64708324411,90702.64708324411,839971.874094284,468323.44552285544,-468323.44552285544,2020-04-11
40,106082.0654708871,367518.4285714286,261436.36310054146,261436.36310054146,772767.0950872856,405248.66651585704,-405248.66651585704,2020-04-12
41,83849.8734805797,355759.5714285714,271909.6979479917,271909.6979479917,754955.9942186199,399196.42279004847,-399196.42279004847,2020-04-13
42,237134.8256873063,355077.85714285716,117943.03145555087,117943.03145555087,729582.0042572725,374504.1471144153,-374504.1471144153,2020-04-14
43,475051.60812697245,353884.28571428574,-121167.32241268671,121167.32241268671,714649.6443477273,360765.35863344156,-360765.35863344156,2020-04-15
44,688278.6207298338,356125.4285714286,-332153.19215840526,332153.19215840526,692442.2626440738,336316.83407264523,-336316.83407264523,2020-04-16
45,791577.2688141401,360719.5714285714,-430857.6973855687,430857.6973855687,670976.5045912075,310256.93316263607,-310256.93316263607,2020-04-17
46,785229.5739670886,360337.4285714286,-424892.14539566,424892.14539566,643606.6460219835,283269.2174505549,-283269.2174505549,2020-04-18
47,731842.7991452409,364060.0,-367782.7991452409,367782.7991452409,616015.6020479053,251955.60204790533,-251955.60204790533,2020-04-19
48,711678.4255941063,374725.85714285716,-336952.56845124916,336952.56845124916,591929.6058308355,217203.74868797837,-217203.74868797837,2020-04-20
49,741842.5681877456,373570.71428571426,-368271.8539020314,368271.8539020314,572714.4806444177,199143.76635870343,-199143.76635870343,2020-04-21
50,725329.2492312427,379245.4285714286,-346083.8206598141,346083.8206598141,555956.1176238401,176710.68905241153,-176710.68905241153,2020-04-22
51,709957.8492080058,384000.71428571426,-325957.13492229156,325957.13492229156,543070.1305495246,159069.4162638103,-159069.4162638103,2020-04-23
52,688986.8354603733,385649.0,-303337.8354603733,303337.8354603733,533103.0567066926,147454.05670669256,-147454.05670669256,2020-04-24
53,668449.6278755495,391512.4285714286,-276937.1993041209,276937.1993041209,520606.8970130895,129094.46844166092,-129094.46844166092,2020-04-25
54,638240.5548723809,390704.5714285714,-247535.9834438095,247535.9834438095,507742.5934495756,117038.02202100417,-117038.02202100417,2020-04-26
55,609594.7338485718,394287.14285714284,-215307.59099142894,215307.59099142894,497513.9580093622,103226.81515221938,-103226.81515221938,2020-04-27
56,587073.6549588698,403889.0,-183184.6549588698,183184.6549588698,486727.9407867875,82838.94078678748,-82838.94078678748,2020-04-28
57,569885.4282319929,406605.4285714286,-163279.9996605643,163279.9996605643,478000.83748954535,71395.40891811677,-71395.40891811677,2020-04-29
58,555161.1688500941,408367.28571428574,-146793.88313580834,146793.88313580834,471273.17140305473,62905.88568876899,-62905.88568876899,2020-04-30
59,542546.5315410453,415605.5714285714,-126940.96011247387,126940.96011247387,466704.0682288408,51098.49680026941,-51098.49680026941,2020-05-01
60,530460.7951647469,419965.28571428574,-110495.50945046119,110495.50945046119,463799.29346208065,43834.00774779491,-43834.00774779491,2020-05-02
61,516096.590819576,425694.28571428574,-90402.30510529026,90402.30510529026,461746.2252481239,36051.93953383819,-36051.93953383819,2020-05-03
62,502963.72439970716,432703.28571428574,-70260.43868542142,70260.43868542142,462502.1572971046,29798.871582818858,-29798.871582818858,2020-05-04
63,492997.9420512489,437404.14285714284,-55593.799194106075,55593.799194106075,465987.42479817785,28583.281941035006,-28583.281941035006,2020-05-05
64,482765.9079416309,441840.85714285716,-40925.050798773766,40925.050798773766,469911.12065245,28070.263509592856,-28070.263509592856,2020-05-06
65,475087.2261823331,451750.85714285716,-23336.369039475918,23336.369039475918,474646.5547073271,22895.69756446994,-22895.69756446994,2020-05-07
66,469530.87751945853,456258.4285714286,-13272.448948029953,13272.448948029953,479520.31460697314,23261.886035544565,-23261.886035544565,2020-05-08
67,466824.72099270567,454975.28571428574,-11849.43527841993,11849.43527841993,484735.0290212929,29759.743307007186,-29759.743307007186,2020-05-09
68,466110.3886572378,456854.4285714286,-9255.96008580923,9255.96008580923,490581.82797148824,33727.39940005966,-33727.39940005966,2020-05-10
69,466639.2216166003,458131.4285714286,-8507.793045171711,8507.793045171711,494404.58334444254,36273.15477301396,-36273.15477301396,2020-05-11
70,469714.47364069737,462603.85714285716,-7110.6164978402085,7110.6164978402085,498639.1894758514,36035.332332994265,-36035.332332994265,2020-05-12
71,474197.5225055857,470702.0,-3495.5225055856863,3495.5225055856863,503675.6776665918,32973.67766659177,-32973.67766659177,2020-05-13
72,479010.718116441,475318.0,-3692.718116440985,3692.718116440985,508283.59364540665,32965.593645406654,-32965.593645406654,2020-05-14
73,483952.1795106275,484163.5714285714,211.39191794389626,211.39191794389626,512951.05431219086,28787.482883619436,-28787.482883619436,2020-05-15
74,488968.9554188209,490443.14285714284,1474.1874383219401,1474.1874383219401,517547.3468416419,27104.203984499036,-27104.203984499036,2020-05-16
75,494215.4813787682,492643.4285714286,-1572.0528073396417,1572.0528073396417,523491.14381664566,30847.715245217085,-30847.715245217085,2020-05-17
76,499314.3011663897,503329.5714285714,4015.2702621817007,4015.2702621817007,529774.6038119495,26445.03238337807,-26445.03238337807,2020-05-18
77,502460.9252479843,511567.4285714286,9106.503323444282,9106.503323444282,535064.9046338286,23497.476062399975,-23497.476062399975,2020-05-19
78,506524.57830833964,519918.85714285716,13394.278834517521,13394.278834517521,541112.0211587335,21193.164015876362,-21193.164015876362,2020-05-20
79,511097.1481253462,528783.4285714285,17686.280446082295,17686.280446082295,547889.9195790249,19106.49100759637,-19106.49100759637,2020-05-21
80,516013.1194989979,535375.5714285715,19362.45192957355,19362.45192957355,554769.6421346792,19394.07070610777,-19394.07070610777,2020-05-22
81,521034.92543791025,531792.8571428572,10757.93170494691,10757.93170494691,561914.5968506719,30121.739707814762,-30121.739707814762,2020-05-23
82,526105.9441098018,536453.0,10347.055890198215,10347.055890198215,567715.5137639046,31262.51376390457,-31262.51376390457,2020-05-24
83,532283.1616995165,507575.0,-24708.161699516466,24708.161699516466,572328.8676137669,64753.867613766924,-64753.867613766924,2020-05-25
84,538438.287938101,514144.71428571426,-24293.573652386724,24293.573652386724,576409.6159812276,62264.90169551334,-62264.90169551334,2020-05-26
85,544330.4931115423,521417.85714285716,-22912.63596868515,22912.63596868515,580387.65655928,58969.799416422844,-58969.799416422844,2020-05-27
86,551116.5483384047,525543.7142857143,-25572.83405269042,25572.83405269042,583128.343567184,57584.62928146974,-57584.62928146974,2020-05-28
87,558097.1434019889,528890.0,-29207.1434019889,29207.1434019889,586316.7712824558,57426.77128245577,-57426.77128245577,2020-05-29
88,565318.5681795861,541819.2857142857,-23499.282465300406,23499.282465300406,592035.2704626258,50215.984748340095,-50215.984748340095,2020-05-30
89,572939.8803993337,545255.2857142857,-27684.59468504798,27684.59468504798,598488.8678483261,53233.58213404042,-53233.58213404042,2020-05-31
90,578956.2729528206,587278.2857142857,8322.012761465041,8322.012761465041,605488.0876202477,18209.801905962056,-18209.801905962056,2020-06-01
91,583397.8580509722,592612.1428571428,9214.284806170617,9214.284806170617,613293.5737350328,20681.430877889972,-20681.430877889972,2020-06-02
92,586840.9820514279,593659.5714285715,6818.589377143537,6818.589377143537,620766.7379554319,27107.16652686044,-27107.16652686044,2020-06-03
93,590028.7980062068,603483.8571428572,13455.059136650409,13455.059136650409,629355.9912216216,25872.134078764473,-25872.134078764473,2020-06-04
94,593320.8851383202,610122.7142857143,16801.829147394164,16801.829147394164,637506.7821479185,27384.06786220416,-27384.06786220416,2020-06-05
95,597889.7164189816,615473.0,17583.283581018448,17583.283581018448,646028.2659461796,30555.26594617963,-30555.26594617963,2020-06-06
96,604800.3668662183,620281.1428571428,15480.775990924565,15480.775990924565,654329.51596702,34048.37310987711,-34048.37310987711,2020-06-07
97,612515.6862816982,637083.7142857143,24568.028004016145,24568.028004016145,660474.4122106965,23390.697924982174,-23390.697924982174,2020-06-08
98,620086.6302208687,658325.4285714285,38238.79835055978,38238.79835055978,660443.0085053976,2117.579933969071,-2117.579933969071,2020-06-09
99,628153.575972953,683431.8571428572,55278.28116990416,55278.28116990416,659052.0350781594,24379.822064697742,24379.822064697742,2020-06-10
100,636341.2424622902,696554.0,60212.75753770978,60212.75753770978,656682.3128357722,39871.68716422783,39871.68716422783,2020-06-11
101,645274.509045618,724195.2857142857,78920.77666866768,78920.77666866768,653630.6475773433,70564.6381369424,70564.6381369424,2020-06-12
102,654289.0718011047,735784.7142857143,81495.64248460962,81495.64248460962,652835.7327902913,82948.98149542301,82948.98149542301,2020-06-13
103,663734.2459701598,743264.8571428572,79530.61117269739,79530.61117269739,652335.1767603755,90929.68038248166,90929.68038248166,2020-06-14
104,672129.9110270612,756520.1428571428,84390.23183008167,84390.23183008167,662426.1321030068,94094.01075413602,94094.01075413602,2020-06-15
105,677643.1645618848,769459.7142857143,91816.54972382949,91816.54972382949,675427.9458306326,94031.76845508174,94031.76845508174,2020-06-16
106,676276.8994612183,782536.2857142857,106259.38625306741,106259.38625306741,688825.466637041,93710.81907724473,93710.81907724473,2020-06-17
107,671617.5956010052,800314.1428571428,128696.5472561376,128696.5472561376,702504.3632834597,97809.77957368316,97809.77957368316,2020-06-18
108,667636.3942604065,813223.5714285715,145587.17716816498,145587.17716816498,717779.2750822987,95444.29634627281,95444.29634627281,2020-06-19
109,665338.0100888227,817618.4285714285,152280.41848260583,152280.41848260583,731118.3387749472,86500.0897964813,86500.0897964813,2020-06-20
110,666474.321217571,820340.0,153865.67878242896,153865.67878242896,746102.3244727488,74237.67552725121,74237.67552725121,2020-06-21
111,669321.0467108999,835075.4285714285,165754.3818605286,165754.3818605286,748853.8532360537,86221.5753353748,86221.5753353748,2020-06-22
112,679595.8360816283,851998.2857142857,172402.44963265734,172402.44963265734,756991.6952319188,95006.59048236685,95006.59048236685,2020-06-23
113,692290.7839487089,869171.0,176880.2160512911,176880.2160512911,769485.7477504909,99685.2522495091,99685.2522495091,2020-06-24
114,708788.4690259504,888697.8571428572,179909.38811690675,179909.38811690675,783979.2374798144,104718.61966304271,104718.61966304271,2020-06-25
115,725131.4806585866,905243.1428571428,180111.66219855624,180111.66219855624,800539.7979410419,104703.34491610096,104703.34491610096,2020-06-26
116,740355.7862699905,910955.5714285715,170599.78515858098,170599.78515858098,821659.0616481049,89296.50978046656,89296.50978046656,2020-06-27
117,753064.0229344432,923382.8571428572,170318.83420841396,170318.83420841396,844928.5955140974,78454.26162875979,78454.26162875979,2020-06-28
118,765346.6442293525,937813.2857142857,172466.6414849332,172466.6414849332,865538.1947572402,72275.09095704544,72275.09095704544,2020-06-29
119,769983.8567384355,946742.5714285715,176758.71469013602,176758.71469013602,883776.780263622,62965.791164949536,62965.791164949536,2020-06-30
120,777625.4590145285,954216.1428571428,176590.6838426143,176590.6838426143,898197.3005608278,56018.84229631501,56018.84229631501,2020-07-01
121,789147.1862031264,967250.7142857143,178103.52808258787,178103.52808258787,912072.5043520587,55178.20993365557,55178.20993365557,2020-07-02
122,803802.3506360288,930581.2857142857,126778.93507825688,126778.93507825688,921026.3668719786,9554.91884230706,9554.91884230706,2020-07-03
123,822347.7680162617,927182.8571428572,104835.08912659541,104835.08912659541,931962.0614951338,4779.204352276633,-4779.204352276633,2020-07-04
124,842852.5522949654,926858.8571428572,84006.30484789179,84006.30484789179,943938.7005835432,17079.843440686003,-17079.843440686003,2020-07-05
125,864876.1679439098,924586.2857142857,59710.11777037592,59710.11777037592,954406.6703232314,29820.384608945693,-29820.384608945693,2020-07-06
126,884689.5609056269,930883.1428571428,46193.58195151598,46193.58195151598,964213.3269701643,33330.184113021474,-33330.184113021474,2020-07-07
127,901756.523108146,938296.1428571428,36539.6197489968,36539.6197489968,972871.7091720445,34575.56631490169,-34575.56631490169,2020-07-08
128,914158.8455394869,944239.4285714285,30080.58303194167,30080.58303194167,978391.1482851846,34151.719713756116,-34151.719713756116,2020-07-09
129,926120.0886554931,970659.1428571428,44539.054201649735,44539.054201649735,984381.0991907035,13721.956333560636,-13721.956333560636,2020-07-10
130,934786.4917171682,985158.2857142857,50371.793997117435,50371.793997117435,993615.9636969992,8457.677982713562,-8457.677982713562,2020-07-11
131,945580.3938527618,998686.5714285715,53106.17757580965,53106.17757580965,1005023.1217399666,6336.550311395084,-6336.550311395084,2020-07-12
132,957854.076647137,1011690.2857142857,53836.20906714874,53836.20906714874,1014519.751763808,2829.466049522278,-2829.466049522278,2020-07-13
133,968689.8503897957,1023713.2857142857,55023.435324489954,55023.435324489954,1023678.6220222159,34.66369206982199,34.66369206982199,2020-07-14
134,977935.386718022,1034632.0,56696.613281977945,56696.613281977945,1030758.3222856395,3873.6777143605286,3873.6777143605286,2020-07-15
135,985498.1738506216,1040065.2857142857,54567.11186366412,54567.11186366412,1035428.0940476188,4637.191666666884,4637.191666666884,2020-07-16
136,992479.1087811462,1065342.857142857,72863.74836171081,72863.74836171081,1040537.1098434542,24805.747299402836,24805.747299402836,2020-07-17
137,1002019.7855604717,1077619.0,75599.2144395283,75599.2144395283,1046166.1220582001,31452.877941799932,31452.877941799932,2020-07-18
138,1015685.2914494361,1071416.142857143,55730.851407706854,55730.851407706854,1048452.5429134795,22963.59994366346,22963.59994366346,2020-07-19
139,1031374.7729422535,1068696.0,37321.227057746495,37321.227057746495,1048041.8477026224,20654.152297377586,20654.152297377586,2020-07-20
140,1044669.9598128881,1068809.5714285714,24139.6116156833,24139.6116156833,1043175.4289288904,25634.14249968098,25634.14249968098,2020-07-21
141,1055356.0561549664,1066698.142857143,11342.086702176603,11342.086702176603,1034702.138262787,31996.004594355938,31996.004594355938,2020-07-22
142,1064481.6874265969,1064490.0,8.312573403120041,8.312573403120041,1024842.1225062013,39647.87749379873,39647.87749379873,2020-07-23
143,1072154.7953680712,1066055.2857142857,-6099.509653785499,6099.509653785499,1033244.3809817476,32810.90473253804,32810.90473253804,2020-07-24
144,1079980.7754593662,1071438.2857142857,-8542.489745080471,8542.489745080471,1037218.9209303133,34219.364783972385,34219.364783972385,2020-07-25
145,1085789.3733654534,1074574.5714285714,-11214.801936882082,11214.801936882082,1042763.8500639881,31810.721364583238,31810.721364583238,2020-07-26
146,1088367.400055651,1081284.0,-7083.400055651087,7083.400055651087,1051215.7970862305,30068.20291376952,30068.20291376952,2020-07-27
147,1083931.9325624278,1081264.142857143,-2667.789705284871,2667.789705284871,1060166.600803686,21097.542053456884,21097.542053456884,2020-07-28
148,1076328.7012639132,1090192.142857143,13863.44159322977,13863.44159322977,1070570.3356916266,19621.807165516308,19621.807165516308,2020-07-29
149,1067083.368855851,1095405.142857143,28321.774001291953,28321.774001291953,1083468.9658161274,11936.177041015588,11936.177041015588,2020-07-30
150,1061127.9484314835,1101165.0,40037.05156851653,40037.05156851653,1089170.301715804,11994.698284195969,11994.698284195969,2020-07-31
151,1068562.6057275278,1104874.857142857,36312.25141532929,36312.25141532929,1098357.9247173753,6516.932425481733,6516.932425481733,2020-08-01
152,1074138.462752785,1102478.142857143,28339.68010435789,28339.68010435789,1107925.7908519378,5447.647994794883,-5447.647994794883,2020-08-02
153,1082024.463345766,1112452.7142857143,30428.25093994825,30428.25093994825,1115533.4404206788,3080.7261349644978,-3080.7261349644978,2020-08-03
154,1093652.398953259,1081635.7142857143,-12016.684667544672,12016.684667544672,1121074.6989913967,39438.98470568238,-39438.98470568238,2020-08-04
155,1104852.3741093194,1089085.142857143,-15767.231252176454,15767.231252176454,1128890.5510478658,39805.40819072281,-39805.40819072281,2020-08-05
156,1117526.0123192328,1098356.7142857143,-19169.298033518484,19169.298033518484,1137924.5541923472,39567.8399066329,-39567.8399066329,2020-08-06
157,1129571.9842634967,1102023.4285714286,-27548.55569206807,27548.55569206807,1134632.670980398,32609.24240896944,-32609.24240896944,2020-08-07
158,1136748.6825517288,1100697.857142857,-36050.82540887175,36050.82540887175,1128240.5895109219,27542.73236806481,-27542.73236806481,2020-08-08
159,1146333.066219598,1111121.7142857143,-35211.351933883736,35211.351933883736,1129065.9223891455,17944.208103431156,-17944.208103431156,2020-08-09
160,1154920.0083905926,1111452.0,-43468.008390592644,43468.008390592644,1129862.842391146,18410.842391146114,-18410.842391146114,2020-08-10
161,1160575.8021202472,1153493.7142857143,-7082.087834532838,7082.087834532838,1130169.7422383854,23323.97204732895,23323.97204732895,2020-08-11
162,1167977.3563762903,1146502.4285714286,-21474.927804861683,21474.927804861683,1132108.547186958,14393.881384470733,14393.881384470733,2020-08-12
163,1174893.4446945745,1140278.0,-34615.44469457446,34615.44469457446,1137104.591211783,3173.408788216999,3173.408788216999,2020-08-13
164,1175578.7523933267,1150587.0,-24991.752393326722,24991.752393326722,1141885.7713568467,8701.228643153328,8701.228643153328,2020-08-14
165,1168141.3761617583,1154539.857142857,-13601.51901890128,13601.51901890128,1146069.1255536336,8470.731589223491,8470.731589223491,2020-08-15
166,1164200.686960463,1139016.7142857143,-25183.972674748627,25183.972674748627,1150478.6272126054,11461.91292689112,-11461.91292689112,2020-08-16
167,1165307.8375057196,1143199.5714285714,-22108.266077148262,22108.266077148262,1153208.778345355,10009.206916783703,-10009.206916783703,2020-08-17
168,1165932.4449689048,1150283.857142857,-15648.587826047791,15648.587826047791,1159349.766119216,9065.90897635906,-9065.90897635906,2020-08-18
169,1167497.4642563548,1149261.5714285714,-18235.89282778348,18235.89282778348,1159111.043580234,9849.472151662689,-9849.472151662689,2020-08-19
170,1170528.125737863,1166290.2857142857,-4237.840023577213,4237.840023577213,1159413.1173169187,6877.168397367001,6877.168397367001,2020-08-20
171,1175028.3038965506,1170780.857142857,-4247.446753693512,4247.446753693512,1158591.6589218166,12189.198221040424,12189.198221040424,2020-08-21
172,1178552.452175613,1173870.857142857,-4681.595032755984,4681.595032755984,1158362.792524108,15508.064618749078,15508.064618749078,2020-08-22
173,1181607.5161034465,1190615.5714285714,9008.055325124878,9008.055325124878,1155633.6609921795,34981.91043639183,34981.91043639183,2020-08-23
174,1185460.6555808783,1190981.0,5520.344419121742,5520.344419121742,1146943.8750850004,44037.124914999586,44037.124914999586,2020-08-24
175,1188805.082221823,1187662.0,-1143.082221823046,1143.082221823046,1160079.1885468406,27582.811453159433,27582.811453159433,2020-08-25
176,1193736.1436876315,1204193.4285714286,10457.284883797169,10457.284883797169,1168558.5288444844,35634.89972694428,35634.89972694428,2020-08-26
177,1191381.6134974828,1196719.0,5337.386502517154,5337.386502517154,1173154.617453771,23564.382546229055,23564.382546229055,2020-08-27
178,1190188.2047227365,1196871.4285714286,6683.2238486921415,6683.2238486921415,1178026.0662582219,18845.362313206773,18845.362313206773,2020-08-28
179,1186189.1943544575,1181310.2857142857,-4878.908640171867,4878.908640171867,1186326.4326250171,5016.146910731448,-5016.146910731448,2020-08-29
180,1181242.7029295522,1192266.4285714286,11023.72564187646,11023.72564187646,1191558.752146853,707.6764245757367,707.6764245757367,2020-08-30
181,1179304.0339277557,1205173.142857143,25869.108929387294,25869.108929387294,1205883.0561132133,709.9132560703438,-709.9132560703438,2020-08-31
182,1181540.0865024584,1222766.857142857,41226.77064039861,41226.77064039861,1197791.9798083561,24974.877334500896,24974.877334500896,2020-09-01
183,1194372.1027066282,1234268.2857142857,39896.18300765753,39896.18300765753,1197970.613872264,36297.671842021635,36297.671842021635,2020-09-02
184,1199689.6608571326,1258751.7142857143,59062.05342858168,59062.05342858168,1202340.8269129184,56410.88737279596,56410.88737279596,2020-09-03
185,1202915.4059624672,1284499.4285714286,81584.02260896144,81584.02260896144,1203441.8598532465,81057.56871818216,81057.56871818216,2020-09-04
186,1210162.796574316,1318682.4285714286,108519.63199711265,108519.63199711265,1201207.6425600222,117474.78601140645,117474.78601140645,2020-09-05
187,1224046.293118894,1328784.4285714286,104738.13545253454,104738.13545253454,1208620.1405315485,120164.2880398801,120164.2880398801,2020-09-06
188,1231343.712144379,1253316.7142857143,21973.00214133528,21973.00214133528,1215682.0317672917,37634.6825184226,37634.6825184226,2020-09-07
189,1229548.9428051752,1265719.7142857143,36170.771480539115,36170.771480539115,1219550.4652570444,46169.2490286699,46169.2490286699,2020-09-08
190,1217174.4554762584,1283219.857142857,66045.40166659863,66045.40166659863,1228920.7327524212,54299.12439043587,54299.12439043587,2020-09-09
191,1220943.7157927838,1285298.857142857,64355.141350073274,64355.141350073274,1232874.8806845588,52423.976458298275,52423.976458298275,2020-09-10
192,1220455.9387598294,1302762.142857143,82306.20409731357,82306.20409731357,1236383.2591375837,66378.8837195593,66378.8837195593,2020-09-11
193,1217912.5784975588,1312759.4285714286,94846.8500738698,94846.8500738698,1242636.33502841,70123.09354301868,70123.09354301868,2020-09-12
194,1221640.8508610642,1309494.2857142857,87853.43485322152,87853.43485322152,1240757.278687971,68737.00702631474,68737.00702631474,2020-09-13
195,1232933.3377983188,1414597.4285714286,181664.0907731098,181664.0907731098,1239845.3477133173,174752.08085811138,174752.08085811138,2020-09-14
196,1240131.1758102477,1432092.0,191960.82418975234,191960.82418975234,1245107.8474194664,186984.15258053364,186984.15258053364,2020-09-15
197,1246165.9211785197,1443055.2857142857,196889.36453576596,196889.36453576596,1244982.7084119874,198072.57730229828,198072.57730229828,2020-09-16
198,1252416.8898943153,1464329.5714285714,211912.6815342561,211912.6815342561,1250283.8849759614,214045.68645260995,214045.68645260995,2020-09-17
199,1254846.938518635,1469334.4285714286,214487.49005279364,214487.49005279364,1253940.2414948642,215394.1870765644,215394.1870765644,2020-09-18
200,1258054.8745962894,1477080.2857142857,219025.41111799632,219025.41111799632,1270411.2130305853,206669.07268370036,206669.07268370036,2020-09-19
201,1259155.1598293483,1481597.5714285714,222442.41159922304,222442.41159922304,1287396.1313536763,194201.44007489504,194201.44007489504,2020-09-20
202,1253367.2938066295,1484417.5714285714,231050.27762194187,231050.27762194187,1303368.993901453,181048.57752711838,181048.57752711838,2020-09-21
203,1254398.0422636697,1487353.4285714286,232955.38630775898,232955.38630775898,1308302.706329397,179050.7222420317,179050.7222420317,2020-09-22
204,1252324.446086509,1494301.7142857143,241977.2681992054,241977.2681992054,1311554.0774020425,182747.63688367186,182747.63688367186,2020-09-23
205,1245846.4462544834,1498615.2857142857,252768.83945980226,252768.83945980226,1313463.9256872875,185151.3600269982,185151.3600269982,2020-09-24
206,1254670.9554168624,1503828.0,249157.0445831376,249157.0445831376,1313170.688491055,190657.31150894496,190657.31150894496,2020-09-25
207,1270726.4056311718,1501289.0,230562.59436882823,230562.59436882823,1312337.9465135294,188951.0534864706,188951.0534864706,2020-09-26
208,1296651.6597699523,1503834.5714285714,207182.91165861906,207182.91165861906,1305950.6911546078,197883.88027396356,197883.88027396356,2020-09-27
209,1313253.0042640355,1484545.2857142857,171292.2814502502,171292.2814502502,1316920.1685516452,167625.11716264044,167625.11716264044,2020-09-28
210,1330567.3216258246,1479198.2857142857,148630.96408846113,148630.96408846113,1333711.0228517312,145487.26286255452,145487.26286255452,2020-09-29
211,1339532.7396217203,1479981.2857142857,140448.5460925654,140448.5460925654,1350866.2824853829,129115.00322890282,129115.00322890282,2020-09-30
212,1349034.6715698328,1492521.4285714286,143486.7570015958,143486.7570015958,1369873.001263908,122648.42730752053,122648.42730752053,2020-10-01
213,1330413.7697421229,1496650.2857142857,166236.51597216283,166236.51597216283,1388644.668066408,108005.61764787766,108005.61764787766,2020-10-02
214,1289661.8882989755,1503492.857142857,213830.9688438815,213830.9688438815,1405580.1017629674,97912.75537988963,97912.75537988963,2020-10-03
215,1262954.3964100224,1504551.0,241596.6035899776,241596.6035899776,1422294.7578950014,82256.24210499856,82256.24210499856,2020-10-04
216,1279625.549573677,1531660.7142857143,252035.16471203743,252035.16471203743,1427339.606812477,104321.1074732372,104321.1074732372,2020-10-05
217,1332353.3223979643,1545578.4285714286,213225.10617346433,213225.10617346433,1432536.1723321762,113042.2562392524,113042.2562392524,2020-10-06
218,1343531.4101230588,1549847.5714285714,206316.16130551253,206316.16130551253,1436659.9818409937,113187.58958757762,113187.58958757762,2020-10-07
219,1355876.6688950956,1548127.142857143,192250.47396204737,192250.47396204737,1438941.100772002,109186.04208514094,109186.04208514094,2020-10-08
220,1383281.3638257172,1550638.2857142857,167356.92188856844,167356.92188856844,1441974.481189034,108663.80452525173,108663.80452525173,2020-10-09
221,1418996.9609982884,1551150.2857142857,132153.32471599733,132153.32471599733,1444763.497275872,106386.78843841376,106386.78843841376,2020-10-10
222,1457829.070041529,1550568.4285714286,92739.35852989974,92739.35852989974,1446737.9882531932,103830.44031823543,103830.44031823543,2020-10-11
223,1453520.9846775916,1494070.2857142857,40549.30103669409,40549.30103669409,1448651.5750747835,45418.710639502155,45418.710639502155,2020-10-12
224,1416747.313745967,1487860.7142857143,71113.4005397472,71113.4005397472,1447265.0539044654,40595.66038124892,40595.66038124892,2020-10-13
225,1415896.1509802681,1497607.857142857,81711.7061625889,81711.7061625889,1444340.1590148297,53267.698128027376,53267.698128027376,2020-10-14
226,1410072.7348755768,1505594.142857143,95521.40798156615,95521.40798156615,1441344.4358548012,64249.70700234175,64249.70700234175,2020-10-15
227,1406015.3353669262,1486009.4285714286,79994.09320450248,79994.09320450248,1440094.133354221,45915.29521720763,45915.29521720763,2020-10-16
228,1405850.4319274127,1491638.5714285714,85788.13950115861,85788.13950115861,1440375.2033139851,51263.36811458622,51263.36811458622,2020-10-17
229,1406514.463955692,1498548.2857142857,92033.82175859367,92033.82175859367,1441674.7865209323,56873.499193353346,56873.499193353346,2020-10-18
230,1409196.4899296719,1560809.857142857,151613.36721318518,151613.36721318518,1445448.1252407432,115361.73190211388,115361.73190211388,2020-10-19
231,1411631.7725048747,1570129.4285714286,158497.6560665539,158497.6560665539,1452426.6131292966,117702.81544213207,117702.81544213207,2020-10-20
232,1408117.2764469215,1566437.857142857,158320.58069593553,158320.58069593553,1460482.4792191216,105955.37792373542,105955.37792373542,2020-10-21
233,1399150.566956652,1562339.7142857143,163189.14732906222,163189.14732906222,1467121.9158478677,95217.79843784659,95217.79843784659,2020-10-22
234,1388554.8752207374,1586851.4285714286,198296.55335069122,198296.55335069122,1472755.0744392872,114096.35413214145,114096.35413214145,2020-10-23
235,1380695.4522225005,1583215.857142857,202520.40492035658,202520.40492035658,1477474.194881022,105741.66226183507,105741.66226183507,2020-10-24
236,1378775.4759024298,1581375.142857143,202599.66695471318,202599.66695471318,1481467.6314314774,99907.51142566558,99907.51142566558,2020-10-25
237,1390412.383997151,1577283.2857142857,186870.90171713475,186870.90171713475,1481578.631974233,95704.6537400526,95704.6537400526,2020-10-26
238,1407556.5639685434,1582253.857142857,174697.2931743136,174697.2931743136,1473115.6052897316,109138.2518531254,109138.2518531254,2020-10-27
239,1419093.7551029325,1583144.0,164050.24489706755,164050.24489706755,1464058.1513263583,119085.84867364168,119085.84867364168,2020-10-28
240,1423974.7881551045,1565926.2857142857,141951.49755918118,141951.49755918118,1457269.920951077,108656.36476320866,108656.36476320866,2020-10-29
241,1430895.3627170026,1555214.857142857,124319.49442585441,124319.49442585441,1452381.682719767,102833.17442308995,102833.17442308995,2020-10-30
242,1443161.7723588517,1553567.2857142857,110405.51335543394,110405.51335543394,1445719.8828463384,107847.40286794724,107847.40286794724,2020-10-31
243,1452382.1585334837,1539521.142857143,87138.98432365921,87138.98432365921,1441224.938638534,98296.20421860903,98296.20421860903,2020-11-01
244,1443023.9223277995,1547715.857142857,104691.93481505755,104691.93481505755,1444802.1061603087,102913.75098254834,102913.75098254834,2020-11-02
245,1428510.8562627053,1517317.5714285714,88806.71516586607,88806.71516586607,1455081.8575883678,62235.71384020359,62235.71384020359,2020-11-03
246,1415239.0522375745,1498876.0,83636.94776242552,83636.94776242552,1465176.7214008144,33699.278599185636,33699.278599185636,2020-11-04
247,1396799.7073294607,1511587.142857143,114787.4355276823,114787.4355276823,1473856.65116672,37730.491690422874,37730.491690422874,2020-11-05
248,1372163.7044426373,1521526.0,149362.29555736273,149362.29555736273,1483209.2455811927,38316.75441880734,38316.75441880734,2020-11-06
249,1352629.6481192878,1531851.2857142857,179221.63759499788,179221.63759499788,1493613.7961497903,38237.489564495394,38237.489564495394,2020-11-07
250,1351243.6027626863,1552113.857142857,200870.25438017072,200870.25438017072,1500906.7969050494,51207.06023780769,51207.06023780769,2020-11-08
251,1379427.204747464,1552789.857142857,173362.652395393,173362.652395393,1499588.6569631526,53201.200179704465,53201.200179704465,2020-11-09
252,1403636.6746240046,1586311.857142857,182675.1825188524,182675.1825188524,1499698.773851863,86613.08329099393,86613.08329099393,2020-11-10
253,1405625.6439329898,1575444.0,169818.3560670102,169818.3560670102,1501663.8845016276,73780.11549837235,73780.11549837235,2020-11-11
254,1411352.6057999772,1572961.5714285714,161608.96562859416,161608.96562859416,1503434.0474743417,69527.52395422966,69527.52395422966,2020-11-12
255,1440917.9028445184,1569985.142857143,129067.24001262453,129067.24001262453,1499075.0500427228,70910.09281442012,70910.09281442012,2020-11-13
256,1473354.395802102,1565575.857142857,92221.46134075499,92221.46134075499,1495266.365161104,70309.49198175315,70309.49198175315,2020-11-14
257,1480110.9505785322,1550295.7142857143,70184.76370718214,70184.76370718214,1491498.4643123406,58797.24997337372,58797.24997337372,2020-11-15
258,1457136.829057191,1548739.5714285714,91602.74237138033,91602.74237138033,1486453.9552618053,62285.616166766034,62285.616166766034,2020-11-16
259,1438338.652633335,1541836.857142857,103498.20450952207,103498.20450952207,1482153.4149439463,59683.44219891075,59683.44219891075,2020-11-17
260,1443804.2568231055,1566597.0,122792.7431768945,122792.7431768945,1474514.021802966,92082.97819703398,92082.97819703398,2020-11-18
261,1445785.5451392361,1563861.5714285714,118076.02628933522,118076.02628933522,1467119.944619613,96741.62680895836,96741.62680895836,2020-11-19
262,1433750.0410967385,1561557.4285714286,127807.3874746901,127807.3874746901,1462140.4861014825,99416.94246994611,99416.94246994611,2020-11-20
263,1426233.2719478777,1553341.0,127107.72805212229,127107.72805212229,1459480.551478633,93860.44852136704,93860.44852136704,2020-11-21
264,1423588.9712042895,1552841.0,129252.02879571053,129252.02879571053,1460260.6140803865,92580.38591961353,92580.38591961353,2020-11-22
265,1416523.6812991416,1539193.2857142857,122669.60441514407,122669.60441514407,1462969.6254894393,76223.66022484633,76223.66022484633,2020-11-23
266,1401002.9777289587,1531575.5714285714,130572.59369961265,130572.59369961265,1470078.9621500713,61496.60927850008,61496.60927850008,2020-11-24
267,1392281.924063257,1517319.857142857,125037.9330796001,125037.9330796001,1482229.7490587747,35090.10808408237,35090.10808408237,2020-11-25
268,1393394.2405860084,1359042.5714285714,-34351.66915743705,34351.66915743705,1489132.174726052,130089.60329748061,-130089.60329748061,2020-11-26
269,1391827.6579106322,1282131.5714285714,-109696.08648206084,109696.08648206084,1493987.649784301,211856.07835572958,-211856.07835572958,2020-11-27
270,1383322.4877255133,1264424.4285714286,-118898.05915408465,118898.05915408465,1496342.1120010614,231917.6834296328,-231917.6834296328,2020-11-28
271,1377156.0779045054,1265816.5714285714,-111339.50647593406,111339.50647593406,1495861.2682536927,230044.6968251213,-230044.6968251213,2020-11-29
272,1377806.3113350016,1239019.142857143,-138787.16847785865,138787.16847785865,1493507.4857708132,254488.34291367023,-254488.34291367023,2020-11-30
273,1399413.8278887358,1234829.5714285714,-164584.25646016444,164584.25646016444,1487090.7979348472,252261.22650627582,-252261.22650627582,2020-12-01
274,1431341.4720630562,1236522.7142857143,-194818.75777734187,194818.75777734187,1483480.323452907,246957.6091671926,-246957.6091671926,2020-12-02
275,1449432.5893039703,1391700.857142857,-57731.732161113294,57731.732161113294,1483600.0925627267,91899.23541986966,-91899.23541986966,2020-12-03
276,1456312.7196999532,1454448.0,-1864.719699953217,1864.719699953217,1484008.3407316124,29560.340731612407,-29560.340731612407,2020-12-04
277,1460980.1123933494,1449763.7142857143,-11216.39810763509,11216.39810763509,1484815.592688603,35051.878402888775,-35051.878402888775,2020-12-05
278,1455507.303024441,1457117.7142857143,1610.4112612733152,1610.4112612733152,1485758.8593951678,28641.14510945347,-28641.14510945347,2020-12-06
279,1444557.3339897862,1485356.2857142857,40798.951724499464,40798.951724499464,1486003.4956189138,647.2099046281073,-647.2099046281073,2020-12-07
280,1420974.5787514618,1461684.5714285714,40709.99267710955,40709.99267710955,1484453.294530068,22768.723101496696,-22768.723101496696,2020-12-08
281,1409176.913593901,1461958.0,52781.08640609891,52781.08640609891,1478570.4696841836,16612.469684183598,-16612.469684183598,2020-12-09
282,1404367.3885460028,1465574.0,61206.611453997204,61206.611453997204,1472685.1977963278,7111.19779632776,-7111.19779632776,2020-12-10
283,1401678.8371267659,1477691.0,76012.16287323413,76012.16287323413,1443778.6988291827,33912.30117081734,33912.30117081734,2020-12-11
284,1407687.208820458,1490567.5714285714,82880.36260811333,82880.36260811333,1399991.8056076893,90575.76582088205,90575.76582088205,2020-12-12
285,1422089.2063694086,1495173.4285714286,73084.22220202,73084.22220202,1357470.576872485,137702.85169894365,137702.85169894365,2020-12-13
286,1434685.6947838366,1484778.0,50092.3052161634,50092.3052161634,1328511.1946094036,156266.8053905964,156266.8053905964,2020-12-14
287,1436052.8435385483,1519444.142857143,83391.29931859463,83391.29931859463,1305530.3437226415,213913.7991345015,213913.7991345015,2020-12-15
288,1419556.0421153521,1500418.2857142857,80862.24359893356,80862.24359893356,1276436.3741511363,223981.91156314942,223981.91156314942,2020-12-16
289,1405020.3409120229,1402811.0,-2209.3409120228607,2209.3409120228607,1287536.292479924,115274.70752007607,115274.70752007607,2020-12-17
290,1397069.8335737416,1395548.0,-1521.8335737416055,1521.8335737416055,1300932.8956455928,94615.10435440717,94615.10435440717,2020-12-18
291,1363260.5500702348,1398616.5714285714,35356.021358336555,35356.021358336555,1324558.8139853564,74057.757443215,74057.757443215,2020-12-19
292,1291596.0710571578,1385828.2857142857,94232.21465712786,94232.21465712786,1345628.117252171,40200.16846211464,40200.16846211464,2020-12-20
293,1201286.2197966576,1404715.5714285714,203429.3516319138,203429.3516319138,1373302.3946399689,31413.17678860249,31413.17678860249,2020-12-21
294,1139215.572752395,1401495.7142857143,262280.1415333194,262280.1415333194,1401590.335775469,94.62148975464515,-94.62148975464515,2020-12-22
295,1121948.0210816136,1430604.2857142857,308656.2646326721,308656.2646326721,1423205.7372422218,7398.548472063849,7398.548472063849,2020-12-23
296,1155225.7526902345,1463922.142857143,308696.3901669085,308696.3901669085,1427136.5703022438,36785.57255489915,36785.57255489915,2020-12-24
297,1223709.7568744463,1284938.142857143,61228.385982696665,61228.385982696665,1426121.7955914056,141183.65273426264,-141183.65273426264,2020-12-25
298,1272925.7525763044,1251699.857142857,-21225.895433447324,21225.895433447324,1429224.6448110682,177524.78766821115,-177524.78766821115,2020-12-26
299,1299203.2448121822,1243021.2857142857,-56181.95909789647,56181.95909789647,1432484.71647739,189463.43076310423,-189463.43076310423,2020-12-27
300,1334894.9153521445,1213580.7142857143,-121314.20106643019,121314.20106643019,1433826.0353446263,220245.32105891197,-220245.32105891197,2020-12-28
301,1409845.159972242,1184165.4285714286,-225679.73140081344,225679.73140081344,1437571.504975319,253406.07640389027,-253406.07640389027,2020-12-29
302,1485173.0647365835,1156985.142857143,-328187.92187944055,328187.92187944055,1444492.0115638291,287506.8687066862,-287506.8687066862,2020-12-30
303,1489231.2799258914,1151626.5714285714,-337604.70849732007,337604.70849732007,1447825.6984094551,296199.12698088377,-296199.12698088377,2020-12-31
304,1417759.3695212817,1170006.2857142857,-247753.083806996,247753.083806996,1436547.8257506406,266541.5400363549,-266541.5400363549,2021-01-01
305,1399601.7063334244,1185638.857142857,-213962.8491905674,213962.8491905674,1422933.1639559695,237294.30681311246,-237294.30681311246,2021-01-02
306,1396906.6974423188,1170305.142857143,-226601.55458517582,226601.55458517582,1410973.2463210311,240668.10346388817,-240668.10346388817,2021-01-03
307,1383356.2025260073,1177168.2857142857,-206187.91681172163,206187.91681172163,1399959.3143281809,222791.02861389518,-222791.02861389518,2021-01-04
308,1389380.6839126775,1183256.142857143,-206124.5410555345,206124.5410555345,1387489.2564156055,204233.1135584626,-204233.1135584626,2021-01-05
309,1407623.449782427,1187743.7142857143,-219879.73549671262,219879.73549671262,1380196.1197135705,192452.40542785614,-192452.40542785614,2021-01-06
310,1418255.167414031,1235901.142857143,-182354.02455688803,182354.02455688803,1386898.7036198548,150997.5607627118,-150997.5607627118,2021-01-07
311,1416908.4786491352,1379867.142857143,-37041.33579199226,37041.33579199226,1395672.776528269,15805.633671126096,-15805.633671126096,2021-01-08
312,1398397.8976303,1380096.5714285714,-18301.326201728545,18301.326201728545,1381939.433197988,1842.8617694166023,-1842.8617694166023,2021-01-09
313,1371140.5010316756,1395778.7142857143,24638.21325403871,24638.21325403871,1363230.030018981,32548.68426673324,32548.68426673324,2021-01-10
314,1329201.736259039,1397220.5714285714,68018.83516953234,68018.83516953234,1342596.9119835582,54623.65944501315,54623.65944501315,2021-01-11
315,1274707.1311580539,1403337.0,128629.86884194613,128629.86884194613,1321001.630639681,82335.3693603191,82335.3693603191,2021-01-12
316,1260583.892473672,1407326.0,146742.10752632795,146742.10752632795,1290425.025527094,116900.97447290597,116900.97447290597,2021-01-13
317,1304534.8734540215,1412523.4285714286,107988.55511740712,107988.55511740712,1227982.4960765755,184540.93249485316,184540.93249485316,2021-01-14
318,1354698.2142657298,1413643.2857142857,58945.071448555915,58945.071448555915,1249295.5519130912,164347.73380119447,164347.73380119447,2021-01-15
319,1368734.5829601288,1413840.5714285714,45105.98846844258,45105.98846844258,1239943.0254720068,173897.5459565646,173897.5459565646,2021-01-16
320,1366858.9932624826,1418822.5714285714,51963.57816608879,51963.57816608879,1228122.9290963751,190699.64233219624,190699.64233219624,2021-01-17
321,1341291.5510386229,1377078.142857143,35786.5918185201,35786.5918185201,1217135.982538598,159942.16031854507,159942.16031854507,2021-01-18
322,1276564.0281739747,1376437.857142857,99873.82896888233,99873.82896888233,1213476.0914035141,162961.7657393429,162961.7657393429,2021-01-19
323,1187965.5429054883,1366898.7142857143,178933.17138022603,178933.17138022603,1219027.8178759983,147870.896409716,147870.896409716,2021-01-20
324,1132857.9537906817,1367680.142857143,234822.1890664613,234822.1890664613,1228714.229599395,138965.9132577479,138965.9132577479,2021-01-21
325,1145969.952380406,1374119.7142857143,228149.76190530835,228149.76190530835,1238326.8901967108,135792.8240890035,135792.8240890035,2021-01-22
326,1205034.9521499788,1374986.2857142857,169951.33356430684,169951.33356430684,1255743.1676406392,119243.11807364644,119243.11807364644,2021-01-23
327,1201765.3642093241,1366900.0,165134.63579067588,165134.63579067588,1285744.3100496319,81155.68995036813,81155.68995036813,2021-01-24
328,1196416.1304599685,1412125.0,215708.86954003153,215708.86954003153,1313493.1542441675,98631.8457558325,98631.8457558325,2021-01-25
329,1208620.0725581604,1399935.7142857143,191315.6417275539,191315.6417275539,1339154.7396105358,60780.97467517853,60780.97467517853,2021-01-26
330,1228860.1684636304,1412126.857142857,183266.68867922667,183266.68867922667,1365443.3115086725,46683.5456341845,46683.5456341845,2021-01-27
331,1247025.444670954,1411257.4285714286,164231.98390047462,164231.98390047462,1382672.5941619575,28584.834409471136,28584.834409471136,2021-01-28
332,1250692.4730117875,1388279.0,137586.52698821248,137586.52698821248,1385566.561160011,2712.438839989016,2712.438839989016,2021-01-29
333,1249469.631759997,1380387.7142857143,130918.08252571733,130918.08252571733,1388827.652427154,8439.938141439576,-8439.938141439576,2021-01-30
334,1267109.1338104224,1377746.7142857143,110637.58047529194,110637.58047529194,1390228.8558493,12482.141563585727,-12482.141563585727,2021-01-31
335,1301480.625206845,1233245.2857142857,-68235.33949255943,68235.33949255943,1392420.521801578,159175.23608729243,-159175.23608729243,2021-02-01
336,1339974.2947507715,1155185.857142857,-184788.43760791444,184788.43760791444,1388960.0645871588,233774.2074443018,-233774.2074443018,2021-02-02
337,1396636.2993044853,1161225.7142857143,-235410.585018771,235410.585018771,1384952.2176784277,223726.50339271338,-223726.50339271338,2021-02-03
338,1450441.9261437613,1181111.4285714286,-269330.4975723326,269330.4975723326,1379673.6762526887,198562.2476812601,-198562.2476812601,2021-02-04
339,1434010.447146522,1213940.5714285714,-220069.87571795075,220069.87571795075,1374563.572882644,160623.00145407254,-160623.00145407254,2021-02-05
340,1372163.432549085,1243416.4285714286,-128747.00397765636,128747.00397765636,1370410.6707637226,126994.24219229398,-126994.24219229398,2021-02-06
341,1371876.9926916617,1233385.5714285714,-138491.42126309033,138491.42126309033,1366731.203292868,133345.63186429674,-133345.63186429674,2021-02-07
342,1369001.3105350053,1384620.4285714286,15619.118036423344,15619.118036423344,1366993.9204378468,17626.50813358184,17626.50813358184,2021-02-08
343,1370271.325318132,1479204.4285714286,108933.10325329658,108933.10325329658,1371301.6659348437,107902.76263658493,107902.76263658493,2021-02-09
344,1364151.0014542511,1486025.857142857,121874.85568860592,121874.85568860592,1375438.458360787,110587.39878207003,110587.39878207003,2021-02-10
345,1355648.0743909394,1475824.4285714286,120176.3541804892,120176.3541804892,1380150.3056499958,95674.12292143283,95674.12292143283,2021-02-11
346,1340141.0334717631,1470842.0,130700.96652823687,130700.96652823687,1384032.333817367,86809.66618263302,86809.66618263302,2021-02-12
347,1322209.0419323742,1462771.142857143,140562.10092476872,140562.10092476872,1385203.1754272666,77567.96742987633,77567.96742987633,2021-02-13
348,1308738.2798002958,1492145.4285714286,183407.1487711328,183407.1487711328,1385529.3797167242,106616.04885470448,106616.04885470448,2021-02-14
349,1317869.348942974,1431255.0,113385.65105702612,113385.65105702612,1380516.9541053688,50738.045894631185,50738.045894631185,2021-02-15
350,1338006.7370590356,1425402.142857143,87395.40579810739,87395.40579810739,1358220.0514495969,67182.09140754608,67182.09140754608,2021-02-16
351,1347198.3704905042,1422779.4285714286,75581.05808092444,75581.05808092444,1317563.2647763917,105216.16379503696,105216.16379503696,2021-02-17
352,1357279.1638116157,1374977.5714285714,17698.407616955694,17698.407616955694,1285087.2113069382,89890.36012163316,89890.36012163316,2021-02-18
353,1363823.1658034793,1354551.857142857,-9271.30866062222,9271.30866062222,1268356.0376415977,86195.81950125936,86195.81950125936,2021-02-19
354,1374782.8550326314,1357339.7142857143,-17443.14074691711,17443.14074691711,1238999.8267388302,118339.88754688413,118339.88754688413,2021-02-20
355,1383306.6499260878,1354333.0,-28973.64992608782,28973.64992608782,1189534.6405962238,164798.35940377624,164798.35940377624,2021-02-21
356,1370376.3442027357,1406878.5714285714,36502.22722583567,36502.22722583567,1225871.2426424113,181007.3287861601,181007.3287861601,2021-02-22
357,1348698.6111391017,1421790.857142857,73092.24600375537,73092.24600375537,1266962.8550792465,154828.0020636106,154828.0020636106,2021-02-23
358,1318413.7478082096,1432442.4285714286,114028.68076321902,114028.68076321902,1310320.0885146048,122122.3400568238,122122.3400568238,2021-02-24
359,1257019.707869023,1492135.7142857143,235116.00641669123,235116.00641669123,1351745.9940740806,140389.7202116337,140389.7202116337,2021-02-25
360,1186192.8649174145,1528771.5714285714,342578.70651115687,342578.70651115687,1383819.1692723078,144952.4021562636,144952.4021562636,2021-02-26
361,1138447.881307274,1523040.0,384592.1186927259,384592.1186927259,1407957.0631711867,115082.93682881328,115082.93682881328,2021-02-27
362,1124841.5802393386,1519020.0,394178.41976066143,394178.41976066143,1430376.1140053612,88643.88599463878,88643.88599463878,2021-02-28
